-- MAYA_ Traits
INSERT INTO Types
(Type,  Kind)
VALUES
('TRAIT_LEADER_MAYA_gkls621', 'KIND_TRAIT');

INSERT INTO Traits
(TraitType,                     Name,                                   Description)
VALUES
('TRAIT_LEADER_MAYA_gkls621', 'LOC_TRAIT_LEADER_MAYA_gkls621_NAME', 'LOC_TRAIT_LEADER_MAYA_gkls621_DESCRIPTION');

INSERT INTO LeaderTraits
(LeaderType,                TraitType)
VALUES
('LEADER_MAYA_gkls621',   'TRAIT_LEADER_MAYA_gkls621'),
('LEADER_MAYA_gkls621',   'TRAIT_DISTRICT_EQUIPMENT_ROOM_gkls621');

INSERT INTO TraitModifiers
(TraitType, ModifierId)
VALUES
('TRAIT_LEADER_MAYA_gkls621',    'MAYA_EXTRA_DISTRICT_BASE_gkls621'),
('TRAIT_LEADER_MAYA_gkls621',    'MAYA_EXTRA_DISTRICT_IDOL_THEATER_gkls621'),
('TRAIT_LEADER_MAYA_gkls621',    'MAYA_EARLY_INDUSTRY_gkls621'),
('TRAIT_LEADER_MAYA_gkls621',    'MAYA_INDUSTRY_CONSTRUCTION_BONUS_gkls621');

INSERT INTO TraitModifiers
(TraitType, ModifierId)
SELECT 'TRAIT_LEADER_MAYA_gkls621',
'MAYA_' || DistrictType || '_CONSTRUCTION_BONUS_gkls621'
FROM Districts WHERE (DistrictType <> 'DISTRICT_INDUSTRIAL_ZONE') AND (DistrictType <> 'DISTRICT_CITY_CENTER') AND (InternalOnly = 0) AND ((TraitType IS NULL) OR (TraitType = 'TRAIT_DISTRICT_IDOL_THEATER_gkls621'));

INSERT INTO Modifiers
(ModifierId,    ModifierType,   SubjectRequirementSetId)
VALUES
('MAYA_EXTRA_DISTRICT_BASE_gkls621',            'MODIFIER_PLAYER_CITIES_EXTRA_DISTRICT',    NULL),
('MAYA_EXTRA_DISTRICT_IDOL_THEATER_gkls621',    'MODIFIER_PLAYER_CITIES_EXTRA_DISTRICT',    'REQSET_PASPALE_CITY_HAS_IDOL_THEATER_gkls621'),
('MAYA_INDUSTRY_CONSTRUCTION_BONUS_gkls621',    'MODIFIER_PLAYER_CITIES_ADJUST_DISTRICT_PRODUCTION',    NULL),
('MAYA_EARLY_INDUSTRY_gkls621',                 'MODIFIER_PLAYER_ADJUST_DISTRICT_UNLOCK',   NULL);

INSERT INTO Modifiers
(ModifierId,    ModifierType,   SubjectRequirementSetId)
SELECT 
'MAYA_' || DistrictType || '_CONSTRUCTION_BONUS_gkls621',
'MODIFIER_PLAYER_CITIES_ADJUST_DISTRICT_PRODUCTION',
NULL
FROM Districts WHERE (DistrictType <> 'DISTRICT_INDUSTRIAL_ZONE') AND (DistrictType <> 'DISTRICT_CITY_CENTER') AND (InternalOnly = 0) AND ((TraitType IS NULL) OR (TraitType = 'TRAIT_DISTRICT_IDOL_THEATER_gkls621'));

INSERT INTO ModifierArguments
(ModifierId,    Name,   Value)
VALUES
('MAYA_EXTRA_DISTRICT_BASE_gkls621',  'Amount',  1),
('MAYA_EXTRA_DISTRICT_IDOL_THEATER_gkls621',  'Amount',  1),
('MAYA_INDUSTRY_CONSTRUCTION_BONUS_gkls621',    'DistrictType', 'DISTRICT_INDUSTRIAL_ZONE'),
('MAYA_INDUSTRY_CONSTRUCTION_BONUS_gkls621',    'Amount', 100),
('MAYA_EARLY_INDUSTRY_gkls621',    'DistrictType', 'DISTRICT_INDUSTRIAL_ZONE'),
('MAYA_EARLY_INDUSTRY_gkls621',    'TechType', 'TECH_CONSTRUCTION');

INSERT INTO ModifierArguments
(ModifierId,    Name,   Value)
SELECT 
'MAYA_' || DistrictType || '_CONSTRUCTION_BONUS_gkls621',
'DistrictType', DistrictType
FROM Districts WHERE (DistrictType <> 'DISTRICT_INDUSTRIAL_ZONE') AND (DistrictType <> 'DISTRICT_CITY_CENTER') AND (InternalOnly = 0) AND ((TraitType IS NULL) OR (TraitType = 'TRAIT_DISTRICT_IDOL_THEATER_gkls621'));

INSERT INTO ModifierArguments
(ModifierId,    Name,   Value)
SELECT 
'MAYA_' || DistrictType || '_CONSTRUCTION_BONUS_gkls621',
'Amount', 50
FROM Districts WHERE (DistrictType <> 'DISTRICT_INDUSTRIAL_ZONE') AND (DistrictType <> 'DISTRICT_CITY_CENTER') AND (InternalOnly = 0) AND ((TraitType IS NULL) OR (TraitType = 'TRAIT_DISTRICT_IDOL_THEATER_gkls621'));

INSERT INTO RequirementSets (RequirementSetId, RequirementSetType)
VALUES
('REQSET_PASPALE_CITY_HAS_IDOL_THEATER_gkls621', 'REQUIREMENTSET_TEST_ALL'),
('REQSET_PASPALE_CITY_HAS_EQUIPMENT_ROOM_gkls621', 'REQUIREMENTSET_TEST_ALL');

INSERT INTO RequirementSetRequirements (RequirementSetId, RequirementId)
VALUES
('REQSET_PASPALE_CITY_HAS_IDOL_THEATER_gkls621', 'PASPALE_CITY_HAS_IDOL_THEATER_gkls621'),
('REQSET_PASPALE_CITY_HAS_EQUIPMENT_ROOM_gkls621', 'PASPALE_CITY_HAS_EQUIPMENT_ROOM_gkls621');

INSERT INTO Requirements (RequirementId, RequirementType)
VALUES
('PASPALE_CITY_HAS_IDOL_THEATER_gkls621', 'REQUIREMENT_CITY_HAS_DISTRICT'),
('PASPALE_CITY_HAS_EQUIPMENT_ROOM_gkls621', 'REQUIREMENT_CITY_HAS_DISTRICT');

INSERT INTO RequirementArguments (RequirementId, Name, Value)
VALUES
('PASPALE_CITY_HAS_IDOL_THEATER_gkls621', 'DistrictType', 'DISTRICT_THEATER'),
('PASPALE_CITY_HAS_EQUIPMENT_ROOM_gkls621', 'DistrictType', 'DISTRICT_AQUEDUCT');