-- Maya's Agenda
INSERT INTO Types
(Type,	Kind)
VALUES
('TRAIT_AGENDA_MAYA_gkls621',		'KIND_TRAIT');

INSERT INTO Traits
(TraitType)
VALUES
('TRAIT_AGENDA_MAYA_gkls621');

INSERT INTO Agendas
(AgendaType,	Name,	Description)
VALUES
('AGENDA_MAYA_gkls621',	'LOC_AGENDA_MAYA_gkls621_NAME',	'LOC_AGENDA_MAYA_gkls621_DESCRIPTION');

INSERT INTO HistoricalAgendas
(LeaderType,	AgendaType)
VALUES
('LEADER_MAYA_gkls621',	'AGENDA_MAYA_gkls621');

INSERT INTO ExclusiveAgendas
(AgendaOne,	AgendaTwo)
VALUES
('AGENDA_MAYA_gkls621',	'AGENDA_DARWINIST'),
('AGENDA_MAYA_gkls621',	'AGENDA_FLAT_EARTHER'),
('AGENDA_MAYA_gkls621',  'AGENDA_PILLAGER');

INSERT INTO AgendaPreferredLeaders
(AgendaType,	LeaderType,	PercentageChance)
VALUES
('AGENDA_INDUSTRIALIST',    'LEADER_MAYA_gkls621',	80),
('AGENDA_TECHNOPHILE',     'LEADER_MAYA_gkls621',   50),
('AGENDA_AIRPOWER',    'LEADER_MAYA_gkls621',   20);

INSERT INTO AgendaTraits
(AgendaType,	TraitType)
VALUES
('AGENDA_MAYA_gkls621',	'TRAIT_AGENDA_MAYA_gkls621');

INSERT INTO TraitModifiers
(TraitType,	ModifierId)
VALUES
('TRAIT_AGENDA_MAYA_gkls621', 'AGENDA_MAYA_gkls621_HIGH_DISTRICTS'), 
('TRAIT_AGENDA_MAYA_gkls621', 'AGENDA_MAYA_gkls621_LOW_DISTRICTS');

INSERT INTO Modifiers
(ModifierId,	ModifierType,	SubjectRequirementSetId)
VALUES
('AGENDA_MAYA_gkls621_HIGH_DISTRICTS',  'MODIFIER_PLAYER_DIPLOMACY_SIMPLE_MODIFIER',    'PLAYER_LEADS_DISTRICTS'),
('AGENDA_MAYA_gkls621_LOW_DISTRICTS',   'MODIFIER_PLAYER_DIPLOMACY_SIMPLE_MODIFIER',	'PLAYER_LAGS_DISTRICTS');

INSERT INTO ModifierArguments
(ModifierId,	Name,	Value)
VALUES
('AGENDA_MAYA_gkls621_HIGH_DISTRICTS',  'InitialValue',					8),
('AGENDA_MAYA_gkls621_HIGH_DISTRICTS',  'StatementKey',					'LOC_DIPLO_KUDO_LEADER_MAYA_gkls621_AGENDA_HIGH_DISTRICTS'),
('AGENDA_MAYA_gkls621_HIGH_DISTRICTS',  'SimpleModifierDescription',    'LOC_DIPLO_MODIFIER_DESCRIPTION_MAYA_gkls621_AGENDA_HIGH_DISTRICTS'),
('AGENDA_MAYA_gkls621_LOW_DISTRICTS',   'InitialValue',					-1),
('AGENDA_MAYA_gkls621_LOW_DISTRICTS',   'StatementKey',					'LOC_DIPLO_WARNING_LEADER_MAYA_gkls621_AGENDA_LOW_DISTRICTS'),
('AGENDA_MAYA_gkls621_LOW_DISTRICTS',   'SimpleModifierDescription',	'LOC_DIPLO_MODIFIER_DESCRIPTION_MAYA_gkls621_AGENDA_LOW_DISTRICTS');

INSERT INTO ModifierStrings
(ModifierId,	Context,	Text)
VALUES
('AGENDA_MAYA_gkls621_HIGH_DISTRICTS',	'Sample',	'LOC_TOOLTIP_SAMPLE_DIPLOMACY_ALL'),
('AGENDA_MAYA_gkls621_LOW_DISTRICTS',	'Sample',	'LOC_TOOLTIP_SAMPLE_DIPLOMACY_ALL');