-- Pastel*Palettes Civilisation Trait
INSERT INTO Types
(Type,  Kind)
VALUES
('TRAIT_CIVILIZATION_PASPALE_gkls621',  'KIND_TRAIT');

INSERT INTO Traits
(TraitType,                             Name,                                           Description)
VALUES
('TRAIT_CIVILIZATION_PASPALE_gkls621',  'LOC_TRAIT_CIVILIZATION_PASPALE_gkls621_NAME',  'LOC_TRAIT_CIVILIZATION_PASPALE_gkls621_DESCRIPTION');

INSERT INTO CivilizationTraits	
(TraitType,								CivilizationType)
VALUES
('TRAIT_CIVILIZATION_PASPALE_gkls621',  'CIVILIZATION_PASPALE_gkls621'),
('TRAIT_DISTRICT_IDOL_THEATER_gkls621', 'CIVILIZATION_PASPALE_gkls621'),
('TRAIT_UNIT_FANS_gkls621',             'CIVILIZATION_PASPALE_gkls621');

INSERT INTO TraitModifiers
(TraitType, ModifierId)
VALUES
('TRAIT_CIVILIZATION_PASPALE_gkls621',  'PASPALE_CITY_ADJACENT_TO_IDOL_THEATER_CULTURE_gkls621'),
('TRAIT_CIVILIZATION_PASPALE_gkls621',  'PASPALE_BASE_IDOL_POINT_gkls621'),
('TRAIT_CIVILIZATION_PASPALE_gkls621',  'PASPALE_ENTERTAINMENT_IDOL_POINT_gkls621'),
('TRAIT_CIVILIZATION_PASPALE_gkls621',  'PASPALE_WATER_ENTERTAINMENT_IDOL_POINT_gkls621'),
('TRAIT_CIVILIZATION_PASPALE_gkls621',  'PASPALE_ALLOW_AKUSHUKAI_gkls621');

INSERT INTO TraitModifiers
(TraitType, ModifierId)
SELECT
'TRAIT_CIVILIZATION_PASPALE_gkls621',
'PASPALE_' || BuildingType || '_IDOL_POINT_gkls621'
FROM Buildings
WHERE (PrereqDistrict = 'DISTRICT_THEATER' OR PrereqDistrict = 'DISTRICT_ENTERTAINMENT_COMPLEX' OR PrereqDistrict = 'DISTRICT_WATER_ENTERTAINMENT_COMPLEX');

INSERT INTO Modifiers
(ModifierId,                                                ModifierType,                                           SubjectRequirementSetId)
VALUES
('PASPALE_CITY_ADJACENT_TO_IDOL_THEATER_CULTURE_gkls621',   'MODIFIER_PLAYER_CITIES_ADJUST_CITY_YIELD_MODIFIER',    'REQSET_PASPALE_PLOT_ADJACENT_TO_IDOL_THEATER_gkls621'),
('PASPALE_BASE_IDOL_POINT_gkls621',                         'MODIFIER_PLAYER_CITIES_ADJUST_GREAT_PERSON_POINT_BASE','PLAYER_HAS_GOLDEN_AGE'),
('PASPALE_ENTERTAINMENT_IDOL_POINT_gkls621',                'MODIFIER_PLAYER_CITIES_ADJUST_GREAT_PERSON_POINT_BASE','REQSET_PASPALE_CITY_HAS_ENTERTAINMENT_COMPLEX_gkls621'),
('PASPALE_WATER_ENTERTAINMENT_IDOL_POINT_gkls621',          'MODIFIER_PLAYER_CITIES_ADJUST_GREAT_PERSON_POINT_BASE','REQSET_PASPALE_CITY_HAS_WATER_ENTERTAINMENT_COMPLEX_gkls621'),
('PASPALE_ALLOW_AKUSHUKAI_gkls621',                         'MODIFIER_PLAYER_ALLOW_PROJECT',                        NULL);

INSERT INTO Modifiers
(ModifierId,    ModifierType,   SubjectRequirementSetId)
SELECT
'PASPALE_' || BuildingType || '_IDOL_POINT_gkls621',
'MODIFIER_PLAYER_CITIES_ADJUST_GREAT_PERSON_POINT_BASE',
'REQSET_PASPALE_CITY_HAS_' || BuildingType || '_gkls621'
FROM Buildings
WHERE (PrereqDistrict = 'DISTRICT_THEATER' OR PrereqDistrict = 'DISTRICT_ENTERTAINMENT_COMPLEX' OR PrereqDistrict = 'DISTRICT_WATER_ENTERTAINMENT_COMPLEX');

INSERT INTO ModifierArguments
(ModifierId,    Name,   Value)
VALUES
('PASPALE_CITY_ADJACENT_TO_IDOL_THEATER_CULTURE_gkls621',   'Amount',   20),
('PASPALE_CITY_ADJACENT_TO_IDOL_THEATER_CULTURE_gkls621',   'YieldType',   'YIELD_CULTURE'),
('PASPALE_BASE_IDOL_POINT_gkls621',                         'Amount',   1),
('PASPALE_BASE_IDOL_POINT_gkls621',                         'GreatPersonClassType',   'GREAT_PERSON_CLASS_IDOL_gkls621'),
('PASPALE_ENTERTAINMENT_IDOL_POINT_gkls621',                'Amount',   1),
('PASPALE_ENTERTAINMENT_IDOL_POINT_gkls621',                'GreatPersonClassType',   'GREAT_PERSON_CLASS_IDOL_gkls621'),
('PASPALE_WATER_ENTERTAINMENT_IDOL_POINT_gkls621',          'Amount',   1),
('PASPALE_WATER_ENTERTAINMENT_IDOL_POINT_gkls621',          'GreatPersonClassType',   'GREAT_PERSON_CLASS_IDOL_gkls621'),
('PASPALE_ALLOW_AKUSHUKAI_gkls621',                         'ProjectType',  'PROJECT_AKUSHUKAI_gkls621');

INSERT INTO ModifierArguments
(ModifierId,    Name,   Value)
SELECT
'PASPALE_' || BuildingType || '_IDOL_POINT_gkls621',
'Amount', 1
FROM Buildings
WHERE (PrereqDistrict = 'DISTRICT_THEATER' OR PrereqDistrict = 'DISTRICT_ENTERTAINMENT_COMPLEX' OR PrereqDistrict = 'DISTRICT_WATER_ENTERTAINMENT_COMPLEX');

INSERT INTO ModifierArguments
(ModifierId,    Name,   Value)
SELECT
'PASPALE_' || BuildingType || '_IDOL_POINT_gkls621',
'GreatPersonClassType', 'GREAT_PERSON_CLASS_IDOL_gkls621'
FROM Buildings
WHERE (PrereqDistrict = 'DISTRICT_THEATER' OR PrereqDistrict = 'DISTRICT_ENTERTAINMENT_COMPLEX' OR PrereqDistrict = 'DISTRICT_WATER_ENTERTAINMENT_COMPLEX');

INSERT INTO RequirementSets (RequirementSetId, RequirementSetType)
VALUES
('REQSET_PASPALE_PLOT_ADJACENT_TO_IDOL_THEATER_gkls621', 'REQUIREMENTSET_TEST_ALL'),
('REQSET_PASPALE_CITY_HAS_ENTERTAINMENT_COMPLEX_gkls621', 'REQUIREMENTSET_TEST_ALL'),
('REQSET_PASPALE_CITY_HAS_WATER_ENTERTAINMENT_COMPLEX_gkls621', 'REQUIREMENTSET_TEST_ALL');

INSERT INTO RequirementSetRequirements (RequirementSetId, RequirementId)
VALUES
('REQSET_PASPALE_PLOT_ADJACENT_TO_IDOL_THEATER_gkls621', 'PASPALE_PLOT_ADJACENT_TO_IDOL_THEATER_gkls621'),
('REQSET_PASPALE_CITY_HAS_ENTERTAINMENT_COMPLEX_gkls621', 'PASPALE_CITY_HAS_ENTERTAINMENT_COMPLEX_gkls621'),
('REQSET_PASPALE_CITY_HAS_WATER_ENTERTAINMENT_COMPLEX_gkls621', 'PASPALE_CITY_HAS_WATER_ENTERTAINMENT_COMPLEX_gkls621');

INSERT INTO Requirements (RequirementId, RequirementType)
VALUES
('PASPALE_PLOT_ADJACENT_TO_IDOL_THEATER_gkls621', 'REQUIREMENT_PLOT_ADJACENT_DISTRICT_TYPE_MATCHES'),
('PASPALE_CITY_HAS_ENTERTAINMENT_COMPLEX_gkls621', 'REQUIREMENT_CITY_HAS_DISTRICT'),
('PASPALE_CITY_HAS_WATER_ENTERTAINMENT_COMPLEX_gkls621', 'REQUIREMENT_CITY_HAS_DISTRICT');

INSERT INTO RequirementArguments (RequirementId, Name, Value)
VALUES
('PASPALE_PLOT_ADJACENT_TO_IDOL_THEATER_gkls621', 'DistrictType', 'DISTRICT_IDOL_THEATER_gkls621'),
('PASPALE_PLOT_ADJACENT_TO_IDOL_THEATER_gkls621', 'MustBeFunctioning', 1),
('PASPALE_CITY_HAS_ENTERTAINMENT_COMPLEX_gkls621', 'DistrictType', 'DISTRICT_ENTERTAINMENT_COMPLEX'),
('PASPALE_CITY_HAS_WATER_ENTERTAINMENT_COMPLEX_gkls621', 'DistrictType', 'DISTRICT_WATER_ENTERTAINMENT_COMPLEX');

-- Modularised Reqsets
INSERT INTO RequirementSets (RequirementSetId, RequirementSetType)
SELECT
'REQSET_PASPALE_CITY_HAS_' || BuildingType || '_gkls621',
'REQUIREMENTSET_TEST_ALL'
FROM Buildings
WHERE (PrereqDistrict = 'DISTRICT_THEATER' OR PrereqDistrict = 'DISTRICT_ENTERTAINMENT_COMPLEX' OR PrereqDistrict = 'DISTRICT_WATER_ENTERTAINMENT_COMPLEX');

INSERT INTO RequirementSetRequirements (RequirementSetId, RequirementId)
SELECT
'REQSET_PASPALE_CITY_HAS_' || BuildingType || '_gkls621',
'PASPALE_CITY_HAS_' || BuildingType || '_gkls621'
FROM Buildings
WHERE (PrereqDistrict = 'DISTRICT_THEATER' OR PrereqDistrict = 'DISTRICT_ENTERTAINMENT_COMPLEX' OR PrereqDistrict = 'DISTRICT_WATER_ENTERTAINMENT_COMPLEX');

INSERT INTO Requirements (RequirementId, RequirementType)
SELECT
'PASPALE_CITY_HAS_' || BuildingType || '_gkls621',
'REQUIREMENT_CITY_HAS_BUILDING'
FROM Buildings
WHERE (PrereqDistrict = 'DISTRICT_THEATER' OR PrereqDistrict = 'DISTRICT_ENTERTAINMENT_COMPLEX' OR PrereqDistrict = 'DISTRICT_WATER_ENTERTAINMENT_COMPLEX');

INSERT INTO RequirementArguments (RequirementId, Name, Value)
SELECT
'PASPALE_CITY_HAS_' || BuildingType || '_gkls621',
'BuildingType', BuildingType
FROM Buildings
WHERE (PrereqDistrict = 'DISTRICT_THEATER' OR PrereqDistrict = 'DISTRICT_ENTERTAINMENT_COMPLEX' OR PrereqDistrict = 'DISTRICT_WATER_ENTERTAINMENT_COMPLEX');