-- Pastel*Palettes Leaders
INSERT INTO Types
(Type, Kind)
VALUES
('LEADER_AYA_gkls621',   'KIND_LEADER'),
('LEADER_CHISATO_gkls621',    'KIND_LEADER'),
('LEADER_HINA_gkls621',      'KIND_LEADER'),
('LEADER_EVE_gkls621',    'KIND_LEADER'),
('LEADER_MAYA_gkls621',     'KIND_LEADER');

INSERT INTO Leaders
(LeaderType,	            Name,	                            InheritFrom,	SceneLayers,	Sex)
VALUES
('LEADER_AYA_gkls621',	    'LOC_LEADER_AYA_gkls621_NAME',	    'LEADER_DEFAULT',	4,	'Female'),
('LEADER_CHISATO_gkls621',	'LOC_LEADER_CHISATO_gkls621_NAME',	'LEADER_DEFAULT',	4,	'Female'),
('LEADER_HINA_gkls621',	    'LOC_LEADER_HINA_gkls621_NAME',	    'LEADER_DEFAULT',	4,	'Female'),
('LEADER_EVE_gkls621',	    'LOC_LEADER_EVE_gkls621_NAME',	    'LEADER_DEFAULT',	4,	'Female'),
('LEADER_MAYA_gkls621',		'LOC_LEADER_MAYA_gkls621_NAME',	    'LEADER_DEFAULT',	4,	'Female');

INSERT INTO LeaderQuotes
(LeaderType,	            Quote)
VALUES
('LEADER_AYA_gkls621',	    'LOC_LEADER_AYA_gkls621_QUOTE'),
('LEADER_CHISATO_gkls621',	'LOC_LEADER_CHISATO_gkls621_QUOTE'),
('LEADER_HINA_gkls621',	    'LOC_LEADER_HINA_gkls621_QUOTE'),
('LEADER_EVE_gkls621',	    'LOC_LEADER_EVE_gkls621_QUOTE'),
('LEADER_MAYA_gkls621',		'LOC_LEADER_MAYA_gkls621_QUOTE');

INSERT INTO AiListTypes
(ListType)
VALUES
('AYA_gkls621_DISTRICT'),
('AYA_gkls621_WONDER'),
('AYA_gkls621_UNIT'),
('AYA_gkls621_TECH'),
('AYA_gkls621_CIVIC'),
('AYA_gkls621_DIPLO'),

('CHISATO_gkls621_DISTRICT'),
('CHISATO_gkls621_WONDER'),
('CHISATO_gkls621_UNIT'),
('CHISATO_gkls621_TECH'),
('CHISATO_gkls621_CIVIC'),
('CHISATO_gkls621_DIPLO'),

('HINA_gkls621_DISTRICT'),
('HINA_gkls621_WONDER'),
('HINA_gkls621_UNIT'),
('HINA_gkls621_TECH'),
('HINA_gkls621_CIVIC'),
('HINA_gkls621_DIPLO'),

('EVE_gkls621_DISTRICT'),
('EVE_gkls621_WONDER'),
('EVE_gkls621_UNIT'),
('EVE_gkls621_TECH'),
('EVE_gkls621_CIVIC'),
('EVE_gkls621_DIPLO'),

('MAYA_gkls621_DISTRICT'),
('MAYA_gkls621_WONDER'),
('MAYA_gkls621_UNIT'),
('MAYA_gkls621_TECH'),
('MAYA_gkls621_CIVIC'),
('MAYA_gkls621_DIPLO');

INSERT INTO AiLists
(ListType,	                    LeaderType,	                System)
VALUES
('AYA_gkls621_DISTRICT',		'TRAIT_LEADER_AYA_gkls621',	'Districts'),
('AYA_gkls621_WONDER',		'TRAIT_LEADER_AYA_gkls621',	'Buildings'),
('AYA_gkls621_UNIT',			'TRAIT_LEADER_AYA_gkls621',	'Units'),
('AYA_gkls621_TECH',			'TRAIT_LEADER_AYA_gkls621',	'Technologies'),
('AYA_gkls621_CIVIC',		'TRAIT_LEADER_AYA_gkls621',	'Civics'),
('AYA_gkls621_DIPLO',		'TRAIT_LEADER_AYA_gkls621',	'DiplomaticActions'),

('CHISATO_gkls621_DISTRICT',	    'TRAIT_LEADER_CHISATO_gkls621',	    'Districts'),
('CHISATO_gkls621_WONDER',		'TRAIT_LEADER_CHISATO_gkls621',	    'Buildings'),
('CHISATO_gkls621_UNIT',		    'TRAIT_LEADER_CHISATO_gkls621',	    'Units'),
('CHISATO_gkls621_TECH',		    'TRAIT_LEADER_CHISATO_gkls621',	    'Technologies'),
('CHISATO_gkls621_CIVIC',		    'TRAIT_LEADER_CHISATO_gkls621',	    'Civics'),
('CHISATO_gkls621_DIPLO',		    'TRAIT_LEADER_CHISATO_gkls621',	    'DiplomaticActions'),

('HINA_gkls621_DISTRICT',	    'TRAIT_LEADER_HINA_gkls621',	    'Districts'),
('HINA_gkls621_WONDER',		    'TRAIT_LEADER_HINA_gkls621',	    'Buildings'),
('HINA_gkls621_UNIT',		    'TRAIT_LEADER_HINA_gkls621',	    'Units'),
('HINA_gkls621_TECH',		    'TRAIT_LEADER_HINA_gkls621',	    'Technologies'),
('HINA_gkls621_CIVIC',		    'TRAIT_LEADER_HINA_gkls621',	    'Civics'),
('HINA_gkls621_DIPLO',		    'TRAIT_LEADER_HINA_gkls621',	    'DiplomaticActions'),

('EVE_gkls621_DISTRICT',		'TRAIT_LEADER_EVE_gkls621',		'Districts'),
('EVE_gkls621_WONDER',		'TRAIT_LEADER_EVE_gkls621',		'Buildings'),
('EVE_gkls621_UNIT',			'TRAIT_LEADER_EVE_gkls621',		'Units'),
('EVE_gkls621_TECH',			'TRAIT_LEADER_EVE_gkls621',		'Technologies'),
('EVE_gkls621_CIVIC',			'TRAIT_LEADER_EVE_gkls621',		'Civics'),
('EVE_gkls621_DIPLO',			'TRAIT_LEADER_EVE_gkls621',		'DiplomaticActions'),

('MAYA_gkls621_DISTRICT',		'TRAIT_LEADER_MAYA_gkls621',		'Districts'),
('MAYA_gkls621_WONDER',			'TRAIT_LEADER_MAYA_gkls621',		'Buildings'),
('MAYA_gkls621_UNIT',			'TRAIT_LEADER_MAYA_gkls621',		'Units'),
('MAYA_gkls621_TECH',			'TRAIT_LEADER_MAYA_gkls621',		'Technologies'),
('MAYA_gkls621_CIVIC',			'TRAIT_LEADER_MAYA_gkls621',		'Civics'),
('MAYA_gkls621_DIPLO',			'TRAIT_LEADER_MAYA_gkls621',		'DiplomaticActions');

INSERT INTO AiFavoredItems
(ListType,	Item,	Favored)
VALUES
('AYA_gkls621_DISTRICT',		'DISTRICT_IDOL_THEATER_gkls621',	1),
('AYA_gkls621_DISTRICT',		'DISTRICT_GARAGE_gkls621',	1),
('AYA_gkls621_WONDER',		'BUILDING_HALICARNASSUS_MAUSOLEUM',	1),
('AYA_gkls621_WONDER',		'BUILDING_ESTADIO_DO_MARACANA',	1),
('AYA_gkls621_WONDER',		'BUILDING_TEMPLE_ARTEMIS',	1),
('AYA_gkls621_UNIT',			'UNIT_FANS_gkls621',	1),
('AYA_gkls621_UNIT',			'UNIT_BUILDER',	1),
('AYA_gkls621_TECH',			'TECH_APPRENTICESHIP',	1),
('AYA_gkls621_TECH',			'TECH_COMBUSTION',	1),
('AYA_gkls621_CIVIC',		'CIVIC_DEFENSIVE_TACTICS',	1),
('AYA_gkls621_CIVIC',		'CIVIC_MASS_MEDIA',	1),
('AYA_gkls621_DIPLO',		'DIPLOACTION_DECLARE_FRIENDSHIP',	1),
('AYA_gkls621_DIPLO',		'DIPLOACTION_ALLIANCE_MILITARY',	1),
('CHISATO_gkls621_DISTRICT',	    'DISTRICT_IDOL_THEATER_gkls621',	1),
('CHISATO_gkls621_DISTRICT',	    'DISTRICT_CHILDSTAR_GUILD_gkls621',	1),
('CHISATO_gkls621_DISTRICT',	    'DISTRICT_DIPLOMATIC_QUARTER',	1),
('CHISATO_gkls621_WONDER',		'BUILDING_HANGING_GARDENS',	1),
('CHISATO_gkls621_WONDER',		'BUILDING_BROADWAY',	1),
('CHISATO_gkls621_UNIT',		'UNIT_SPY',	1),
('CHISATO_gkls621_UNIT',		'UNIT_SPEARMAN',	1),
('CHISATO_gkls621_UNIT',		'UNIT_PIKEMAN',	1),
('CHISATO_gkls621_TECH',		'TECH_CURRENCY',	1),
('CHISATO_gkls621_TECH',		'TECH_EDUCATION',	1),
('CHISATO_gkls621_CIVIC',		'CIVIC_FOREIGN_TRADE',	1),
('CHISATO_gkls621_CIVIC',		'CIVIC_GUILDS',	1),
('CHISATO_gkls621_CIVIC',		'CIVIC_CLASS_STRUGGLE',	1),
('CHISATO_gkls621_DIPLO',		'DIPLOACTION_DECLARE_FRIENDSHIP',	1),
('CHISATO_gkls621_DIPLO',		'DIPLOACTION_DECLARE_SURPRISE_WAR',	0),
('HINA_gkls621_DISTRICT',	'DISTRICT_IDOL_THEATER_gkls621',	1),
('HINA_gkls621_DISTRICT',	'DISTRICT_ASTRONOMY_CLUB_gkls621',	1),
('HINA_gkls621_WONDER',		'BUILDING_ETEMENANKI',	1),
('HINA_gkls621_WONDER',		'BUILDING_STONEHENGE',	1),
('HINA_gkls621_WONDER',		'BUILDING_GREAT_ZIMBABWE',	1),
('HINA_gkls621_UNIT',		'UNIT_FANS_gkls621',	1),
('HINA_gkls621_UNIT',		'UNIT_ROCK_BAND',	1),
('HINA_gkls621_TECH',		'TECH_ASTROLOGY',	1),
('HINA_gkls621_TECH',		'TECH_ASTRONOMY',	1),
('HINA_gkls621_CIVIC',		'CIVIC_MYSTICISM',	1),
('HINA_gkls621_CIVIC',		'CIVIC_URBANIZATION',	0),
('HINA_gkls621_CIVIC',		'CIVIC_CIVIL_SERVICE',	1),
('HINA_gkls621_DIPLO',		'DIPLOACTION_DECLARE_FRIENDSHIP',	1),
('HINA_gkls621_DIPLO',		'DIPLOACTION_DENOUNCE',	1),
('EVE_gkls621_DISTRICT',			'DISTRICT_IDOL_THEATER_gkls621',	1),
('EVE_gkls621_DISTRICT',			'DISTRICT_KENDO_CLUB_gkls621',	1),
('EVE_gkls621_WONDER',			'BUILDING_STATUE_OF_ZEUS',	1),
('EVE_gkls621_WONDER',			'BUILDING_KOTOKU_IN',	1),
('EVE_gkls621_UNIT',				'UNIT_JAPANESE_SAMURAI',	1),
('EVE_gkls621_UNIT',				'UNIT_FINNISH_SNIPER_gkls621',	1),
('EVE_gkls621_UNIT',				'UNIT_GIANT_DEATH_ROBOT',	0),
('EVE_gkls621_TECH',				'TECH_BRONZE_WORKING',	1),
('EVE_gkls621_TECH',				'TECH_MILITARY_TACTICS',	1),
('EVE_gkls621_CIVIC',			'CIVIC_MILITARY_TRAINING',	1),
('EVE_gkls621_CIVIC',			'CIVIC_MERCENARIES',	1),
('EVE_gkls621_CIVIC',			'CIVIC_CULTURAL_HERITAGE',	1),
('EVE_gkls621_DIPLO',			'DIPLOACTION_DECLARE_FRIENDSHIP',	1),
('EVE_gkls621_DIPLO',		'DIPLOACTION_DECLARE_SURPRISE_WAR',	0),
('EVE_gkls621_DIPLO',		'DIPLOACTION_DECLARE_FORMAL_WAR',	1),
('MAYA_gkls621_DISTRICT',			'DISTRICT_IDOL_THEATER_gkls621',	1),
('MAYA_gkls621_DISTRICT',			'DISTRICT_EQUIPMENT_ROOM_gkls621',	1),
('MAYA_gkls621_DISTRICT',			'DISTRICT_INDUSTRIAL_ZONE',	1),
('MAYA_gkls621_WONDER',				'BUILDING_RUHR_VALLEY',	1),
('MAYA_gkls621_WONDER',				'BUILDING_JEBEL_BARKAL',	1),
('MAYA_gkls621_UNIT',				'UNIT_BUILDER',	1),
('MAYA_gkls621_TECH',				'TECH_CONSTRUCTION',	1),
('MAYA_gkls621_TECH',				'TECH_ENGINEERING',	1),
('MAYA_gkls621_TECH',				'TECH_ROCKETRY',	1),
('MAYA_gkls621_CIVIC',				'CIVIC_CRAFTSMANSHIP',	1),
('MAYA_gkls621_CIVIC',				'CIVIC_CIVIL_ENGINEERING',	1),
('MAYA_gkls621_DIPLO',				'DIPLOACTION_DECLARE_FRIENDSHIP',	1),
('MAYA_gkls621_DIPLO',              'DIPLOACTION_ALLIANCE_RESEARCH',     1);

INSERT INTO LoadingInfo
(LeaderType,	            ForegroundImage,	                        BackgroundImage,	                    LeaderText,	                                PlayDawnOfManAudio)
VALUES
('LEADER_AYA_gkls621',	'IMG_LOADING_FOREGROUND_AYA_gkls621',    'IMG_DIPLOMACY_BACKGROUND_PASPALE_gkls621',	'LOC_LOADING_INFO_LEADER_AYA_gkls621',	1),
('LEADER_CHISATO_gkls621',	'IMG_LOADING_FOREGROUND_CHISATO_gkls621',	    'IMG_DIPLOMACY_BACKGROUND_PASPALE_gkls621',	'LOC_LOADING_INFO_LEADER_CHISATO_gkls621',	1),
('LEADER_HINA_gkls621',	    'IMG_LOADING_FOREGROUND_HINA_gkls621',	    'IMG_DIPLOMACY_BACKGROUND_PASPALE_gkls621',	'LOC_LOADING_INFO_LEADER_HINA_gkls621',	    1),
('LEADER_EVE_gkls621',	'IMG_LOADING_FOREGROUND_EVE_gkls621',	    'IMG_DIPLOMACY_BACKGROUND_PASPALE_gkls621',	'LOC_LOADING_INFO_LEADER_EVE_gkls621',	1),
('LEADER_MAYA_gkls621',		'IMG_LOADING_FOREGROUND_MAYA_gkls621',      'IMG_DIPLOMACY_BACKGROUND_PASPALE_gkls621',	'LOC_LOADING_INFO_LEADER_MAYA_gkls621',		1);

INSERT INTO DiplomacyInfo
(Type,	                    BackgroundImage)
VALUES
('LEADER_AYA_gkls621',	'IMG_DIPLOMACY_BACKGROUND_PASPALE_gkls621'),
('LEADER_CHISATO_gkls621',	'IMG_DIPLOMACY_BACKGROUND_PASPALE_gkls621'),
('LEADER_HINA_gkls621',	    'IMG_DIPLOMACY_BACKGROUND_PASPALE_gkls621'),
('LEADER_EVE_gkls621',	'IMG_DIPLOMACY_BACKGROUND_PASPALE_gkls621'),
('LEADER_MAYA_gkls621',		'IMG_DIPLOMACY_BACKGROUND_PASPALE_gkls621');