-- Hina's Agenda
INSERT INTO Types
(Type,	Kind)
VALUES
('TRAIT_AGENDA_HINA_gkls621',		'KIND_TRAIT');

INSERT INTO Traits
(TraitType)
VALUES
('TRAIT_AGENDA_HINA_gkls621');

INSERT INTO Agendas
(AgendaType,	Name,	Description)
VALUES
('AGENDA_HINA_gkls621',	'LOC_AGENDA_HINA_gkls621_NAME',	'LOC_AGENDA_HINA_gkls621_DESCRIPTION');

INSERT INTO HistoricalAgendas
(LeaderType,	AgendaType)
VALUES
('LEADER_HINA_gkls621',	'AGENDA_HINA_gkls621');

INSERT INTO ExclusiveAgendas
(AgendaOne,	AgendaTwo)
VALUES
('AGENDA_HINA_gkls621',	'AGENDA_INDUSTRIALIST'),
('AGENDA_HINA_gkls621',	'AGENDA_FLAT_EARTHER'),
('AGENDA_HINA_gkls621', 'AGENDA_SYMPATHIZER');

INSERT INTO AgendaPreferredLeaders
(AgendaType,	LeaderType,	PercentageChance)
VALUES
('AGENDA_TECHNOPHILE',    'LEADER_HINA_gkls621',    50),
('AGENDA_NUKE_LOVER',     'LEADER_HINA_gkls621',  20);

INSERT INTO AgendaTraits
(AgendaType,	TraitType)
VALUES
('AGENDA_HINA_gkls621',	'TRAIT_AGENDA_HINA_gkls621');

INSERT INTO TraitModifiers
(TraitType,	ModifierId)
VALUES
('TRAIT_AGENDA_HINA_gkls621', 'AGENDA_HINA_gkls621_HIGH_SCIENCE'),
('TRAIT_AGENDA_HINA_gkls621', 'AGENDA_HINA_gkls621_LOW_SCIENCE');

INSERT INTO Modifiers
(ModifierId,	ModifierType,	SubjectRequirementSetId)
VALUES
('AGENDA_HINA_gkls621_HIGH_SCIENCE',   'MODIFIER_PLAYER_DIPLOMACY_SIMPLE_MODIFIER',    'PLAYER_HAS_HIGH_SCIENCE'),
('AGENDA_HINA_gkls621_LOW_SCIENCE',    'MODIFIER_PLAYER_DIPLOMACY_SIMPLE_MODIFIER',    'PLAYER_HAS_LOW_SCIENCE');

INSERT INTO ModifierArguments
(ModifierId,	Name,	Value)
VALUES
('AGENDA_HINA_gkls621_HIGH_SCIENCE',   'InitialValue',					9),
('AGENDA_HINA_gkls621_HIGH_SCIENCE',   'StatementKey',					'LOC_DIPLO_KUDO_LEADER_HINA_gkls621_AGENDA_HIGH_SCIENCE'),
('AGENDA_HINA_gkls621_HIGH_SCIENCE',   'SimpleModifierDescription',	'LOC_DIPLO_MODIFIER_DESCRIPTION_HINA_gkls621_AGENDA_HIGH_SCIENCE'),
('AGENDA_HINA_gkls621_LOW_SCIENCE',    'InitialValue',					-5),
('AGENDA_HINA_gkls621_LOW_SCIENCE',    'StatementKey',					'LOC_DIPLO_WARNING_LEADER_HINA_gkls621_AGENDA_LOW_SCIENCE'),
('AGENDA_HINA_gkls621_LOW_SCIENCE',    'SimpleModifierDescription',	'LOC_DIPLO_MODIFIER_DESCRIPTION_HINA_gkls621_AGENDA_LOW_SCIENCE');

INSERT INTO ModifierStrings
(ModifierId,	Context,	Text)
VALUES
('AGENDA_HINA_gkls621_HIGH_SCIENCE',	'Sample',	'LOC_TOOLTIP_SAMPLE_DIPLOMACY_ALL'),
('AGENDA_HINA_gkls621_LOW_SCIENCE',    'Sample',	'LOC_TOOLTIP_SAMPLE_DIPLOMACY_ALL');