-- Hina's Unique District
INSERT INTO Types
(Type,  Kind)
VALUES
('DISTRICT_ASTRONOMY_CLUB_gkls621',    'KIND_DISTRICT'),
('TRAIT_DISTRICT_ASTRONOMY_CLUB_gkls621',  'KIND_TRAIT');

INSERT INTO Traits
(TraitType, Name,   Description)
VALUES
('TRAIT_DISTRICT_ASTRONOMY_CLUB_gkls621',  'LOC_DISTRICT_ASTRONOMY_CLUB_gkls621_NAME',    'LOC_DISTRICT_ASTRONOMY_CLUB_gkls621_DESCRIPTION');

INSERT INTO DistrictReplaces
(CivUniqueDistrictType, ReplacesDistrictType)
VALUES
('DISTRICT_ASTRONOMY_CLUB_gkls621',    'DISTRICT_CAMPUS');

INSERT INTO Districts 
(   DistrictType,
    Name,
    PrereqTech,
    PrereqCivic,
    Coast,
    Description,
    Cost,
    RequiresPlacement,
    RequiresPopulation,
    NoAdjacentCity,
    CityCenter,
    Aqueduct,
    InternalOnly,
    ZOC,
    FreeEmbark,
    HitPoints,
    CaptureRemovesBuildings,
    CaptureRemovesCityDefenses,
    PlunderType,
    PlunderAmount,
    TradeEmbark,
    MilitaryDomain,
    CostProgressionModel,
    CostProgressionParam1,
    TraitType,
    Appeal,
    Housing,
    Entertainment,
    OnePerCity,
    AllowsHolyCity,
    Maintenance,
    AirSlots,
    CitizenSlots,
    TravelTime,
    CityStrengthModifier,
    AdjacentToLand,
    CanAttack,
    AdvisorType,
    CaptureRemovesDistrict,
    MaxPerPlayer
)SELECT
    'DISTRICT_ASTRONOMY_CLUB_gkls621',
    'LOC_DISTRICT_ASTRONOMY_CLUB_gkls621_NAME',
    PrereqTech,
    NULL,
    Coast,
    'LOC_DISTRICT_ASTRONOMY_CLUB_gkls621_DESCRIPTION',
    Cost *0.5,
    RequiresPlacement,
    0,
    NoAdjacentCity,
    CityCenter,
    Aqueduct,
    InternalOnly,
    ZOC,
    FreeEmbark,
    HitPoints,
    CaptureRemovesBuildings,
    CaptureRemovesCityDefenses,
    PlunderType,
    PlunderAmount,
    TradeEmbark,
    MilitaryDomain,
    CostProgressionModel,
    CostProgressionParam1 *0.5,
    'TRAIT_DISTRICT_ASTRONOMY_CLUB_gkls621',
    1,
    Housing,
    1,
    OnePerCity,
    AllowsHolyCity,
    Maintenance,
    AirSlots,
    2,
    TravelTime,
    CityStrengthModifier,
    AdjacentToLand,
    CanAttack,
    AdvisorType,
    CaptureRemovesDistrict,
    MaxPerPlayer
FROM Districts WHERE DistrictType = 'DISTRICT_CAMPUS';

/*INSERT INTO District_ValidTerrains
(DistrictType,  TerrainType)
VALUES
('DISTRICT_ASTRONOMY_CLUB_gkls621', 'TERRAIN_GRASS_HILLS'),
('DISTRICT_ASTRONOMY_CLUB_gkls621', 'TERRAIN_PLAINS_HILLS'),
('DISTRICT_ASTRONOMY_CLUB_gkls621', 'TERRAIN_TUNDRA_HILLS'),
('DISTRICT_ASTRONOMY_CLUB_gkls621', 'TERRAIN_SNOW_HILLS'),
('DISTRICT_ASTRONOMY_CLUB_gkls621', 'TERRAIN_DESERT_HILLS');*/

INSERT INTO District_GreatPersonPoints
(DistrictType,  GreatPersonClassType,   PointsPerTurn)
SELECT DISTINCT 'DISTRICT_ASTRONOMY_CLUB_gkls621',  GreatPersonClassType,   PointsPerTurn
FROM District_GreatPersonPoints WHERE DistrictType = 'DISTRICT_CAMPUS';

INSERT INTO District_GreatPersonPoints
(DistrictType,  GreatPersonClassType,   PointsPerTurn)
VALUES
('DISTRICT_ASTRONOMY_CLUB_gkls621',   'GREAT_PERSON_CLASS_IDOL_gkls621',  2);

INSERT INTO District_TradeRouteYields
(DistrictType,  YieldType,  YieldChangeAsOrigin,    YieldChangeAsDomesticDestination,   YieldChangeAsInternationalDestination)
SELECT
'DISTRICT_ASTRONOMY_CLUB_gkls621', YieldType,
YieldChangeAsOrigin +1,    YieldChangeAsDomesticDestination,   YieldChangeAsInternationalDestination
FROM District_TradeRouteYields WHERE DistrictType = 'DISTRICT_CAMPUS';

INSERT INTO District_CitizenYieldChanges
(DistrictType,  YieldType,  YieldChange)
SELECT
'DISTRICT_ASTRONOMY_CLUB_gkls621', YieldType, YieldChange
FROM District_CitizenYieldChanges WHERE DistrictType = 'DISTRICT_CAMPUS';

INSERT INTO District_Adjacencies
(DistrictType,  YieldChangeId)
VALUES
('DISTRICT_ASTRONOMY_CLUB_gkls621', 'ASTRONOMY_CLUB_GRASS_MOUNTAIN_SCIENCE_gkls621'),
('DISTRICT_ASTRONOMY_CLUB_gkls621', 'ASTRONOMY_CLUB_PLAINS_MOUNTAIN_SCIENCE_gkls621'),
('DISTRICT_ASTRONOMY_CLUB_gkls621', 'ASTRONOMY_CLUB_DESERT_MOUNTAIN_SCIENCE_gkls621'),
('DISTRICT_ASTRONOMY_CLUB_gkls621', 'ASTRONOMY_CLUB_TUNDRA_MOUNTAIN_SCIENCE_gkls621'),
('DISTRICT_ASTRONOMY_CLUB_gkls621', 'ASTRONOMY_CLUB_SNOW_MOUNTAIN_SCIENCE_gkls621'),
('DISTRICT_ASTRONOMY_CLUB_gkls621', 'ASTRONOMY_CLUB_GRASS_SCIENCE_gkls621'),
('DISTRICT_ASTRONOMY_CLUB_gkls621', 'ASTRONOMY_CLUB_PLAINS_SCIENCE_gkls621'),
('DISTRICT_ASTRONOMY_CLUB_gkls621', 'ASTRONOMY_CLUB_DESERT_SCIENCE_gkls621'),
('DISTRICT_ASTRONOMY_CLUB_gkls621', 'ASTRONOMY_CLUB_TUNDRA_SCIENCE_gkls621'),
('DISTRICT_ASTRONOMY_CLUB_gkls621', 'ASTRONOMY_CLUB_SNOW_SCIENCE_gkls621'),
('DISTRICT_ASTRONOMY_CLUB_gkls621', 'ASTRONOMY_CLUB_WONDER_SCIENCE_gkls621'),
('DISTRICT_ASTRONOMY_CLUB_gkls621', 'ASTRONOMY_CLUB_IDOL_THEATER_SCIENCE_gkls621'),
('DISTRICT_IDOL_THEATER_gkls621', 'IDOL_THEATER_ASTRONOMY_CLUB_CULTURE_gkls621');

INSERT INTO Adjacency_YieldChanges
(ID,    Description,    YieldType,  YieldChange,    TilesRequired,  AdjacentTerrain)
VALUES
('ASTRONOMY_CLUB_GRASS_MOUNTAIN_SCIENCE_gkls621',   'LOC_ASTRONOMY_CLUB_GRASS_MOUNTAIN_SCIENCE_gkls621_DESCRIPTION',
'YIELD_SCIENCE',    2,  1,  'TERRAIN_GRASS_MOUNTAIN'),
('ASTRONOMY_CLUB_PLAINS_MOUNTAIN_SCIENCE_gkls621',   'LOC_ASTRONOMY_CLUB_PLAINS_MOUNTAIN_SCIENCE_gkls621_DESCRIPTION',
'YIELD_SCIENCE',    2,  1,  'TERRAIN_PLAINS_MOUNTAIN'),
('ASTRONOMY_CLUB_DESERT_MOUNTAIN_SCIENCE_gkls621',   'LOC_ASTRONOMY_CLUB_DESERT_MOUNTAIN_SCIENCE_gkls621_DESCRIPTION',
'YIELD_SCIENCE',    2,  1,  'TERRAIN_DESERT_MOUNTAIN'),
('ASTRONOMY_CLUB_TUNDRA_MOUNTAIN_SCIENCE_gkls621',   'LOC_ASTRONOMY_CLUB_TUNDRA_MOUNTAIN_SCIENCE_gkls621_DESCRIPTION',
'YIELD_SCIENCE',    2,  1,  'TERRAIN_TUNDRA_MOUNTAIN'),
('ASTRONOMY_CLUB_SNOW_MOUNTAIN_SCIENCE_gkls621',   'LOC_ASTRONOMY_CLUB_SNOW_MOUNTAIN_SCIENCE_gkls621_DESCRIPTION',
'YIELD_SCIENCE',    2,  1,  'TERRAIN_SNOW_MOUNTAIN'),
('ASTRONOMY_CLUB_GRASS_SCIENCE_gkls621',   'LOC_ASTRONOMY_CLUB_GRASS_SCIENCE_gkls621_DESCRIPTION',
'YIELD_SCIENCE',    1,  2,  'TERRAIN_GRASS'),
('ASTRONOMY_CLUB_PLAINS_SCIENCE_gkls621',   'LOC_ASTRONOMY_CLUB_PLAINS_SCIENCE_gkls621_DESCRIPTION',
'YIELD_SCIENCE',    1,  2,  'TERRAIN_PLAINS'),
('ASTRONOMY_CLUB_DESERT_SCIENCE_gkls621',   'LOC_ASTRONOMY_CLUB_DESERT_SCIENCE_gkls621_DESCRIPTION',
'YIELD_SCIENCE',    1,  2,  'TERRAIN_DESERT'),
('ASTRONOMY_CLUB_TUNDRA_SCIENCE_gkls621',   'LOC_ASTRONOMY_CLUB_TUNDRA_SCIENCE_gkls621_DESCRIPTION',
'YIELD_SCIENCE',    1,  2,  'TERRAIN_TUNDRA'),
('ASTRONOMY_CLUB_SNOW_SCIENCE_gkls621',   'LOC_ASTRONOMY_CLUB_SNOW_SCIENCE_gkls621_DESCRIPTION',
'YIELD_SCIENCE',    1,  2,  'TERRAIN_SNOW');

INSERT INTO Adjacency_YieldChanges
(ID,    Description,    YieldType,  YieldChange,    TilesRequired,  AdjacentNaturalWonder)
VALUES
('ASTRONOMY_CLUB_WONDER_SCIENCE_gkls621',    'LOC_ASTRONOMY_CLUB_WONDER_SCIENCE_gkls621_DESCRIPTION',
'YIELD_SCIENCE',   2,  1,  1);

INSERT INTO Adjacency_YieldChanges
(ID,    Description,    YieldType,  YieldChange,    TilesRequired,  AdjacentDistrict)
VALUES
('ASTRONOMY_CLUB_IDOL_THEATER_SCIENCE_gkls621',
'LOC_ASTRONOMY_CLUB_IDOL_THEATER_SCIENCE_gkls621_DESCRIPTION', 'YIELD_SCIENCE', 3,
1, 'DISTRICT_IDOL_THEATER_gkls621'),
('IDOL_THEATER_ASTRONOMY_CLUB_CULTURE_gkls621',
'LOC_IDOL_THEATER_ASTRONOMY_CLUB_CULTURE_gkls621_DESCRIPTION', 'YIELD_CULTURE', 3,
1, 'DISTRICT_ASTRONOMY_CLUB_gkls621');

INSERT INTO DistrictModifiers
(DistrictType,  ModifierId)
VALUES
('DISTRICT_ASTRONOMY_CLUB_gkls621', 'ASTRONOMY_CLUB_SPACE_PROJECT_PRODUCTION_gkls621'),
('DISTRICT_ASTRONOMY_CLUB_gkls621', 'ASTRONOMY_CLUB_BUILDING_BLOCK_gkls621'),
('DISTRICT_ASTRONOMY_CLUB_gkls621', 'ASTRONOMY_CLUB_MATHS_SCIENCE_gkls621'),
('DISTRICT_ASTRONOMY_CLUB_gkls621', 'ASTRONOMY_CLUB_MATHS_GPP_gkls621'),
('DISTRICT_ASTRONOMY_CLUB_gkls621', 'ASTRONOMY_CLUB_ASTRONOMY_SCIENCE_gkls621'),
('DISTRICT_ASTRONOMY_CLUB_gkls621', 'ASTRONOMY_CLUB_ASTRONOMY_GPP_gkls621'),
('DISTRICT_ASTRONOMY_CLUB_gkls621', 'ASTRONOMY_CLUB_ADVANCED_FLIGHT_SCIENCE_gkls621'),
('DISTRICT_ASTRONOMY_CLUB_gkls621', 'ASTRONOMY_CLUB_ADVANCED_FLIGHT_GPP_gkls621');

INSERT INTO Modifiers
(ModifierId,    ModifierType,   RunOnce,    Permanent,  OwnerRequirementSetId)
VALUES
('ASTRONOMY_CLUB_SPACE_PROJECT_PRODUCTION_gkls621', 'MODIFIER_SINGLE_CITY_ADJUST_SPACE_RACE_PROJECTS_PRODUCTION',   0,  0,  'REQSET_PASPALE_PLOT_ADJACENT_TO_SPACEPORT_gkls621'),
('ASTRONOMY_CLUB_BUILDING_BLOCK_gkls621', 'MODIFIER_SINGLE_CITY_GRANT_BUILDING_IN_CITY_IGNORE', 1, 1, NULL);

INSERT INTO Modifiers
(ModifierId,    ModifierType,  SubjectRequirementSetId)
VALUES
('ASTRONOMY_CLUB_MATHS_SCIENCE_gkls621',            'MODIFIER_SINGLE_CITY_ADJUST_YIELD_CHANGE',       'REQSET_PASPALE_PLAYER_HAS_MATHS_gkls621'),
('ASTRONOMY_CLUB_MATHS_GPP_gkls621',                'MODIFIER_SINGLE_CITY_ADJUST_GREAT_PERSON_POINT', 'REQSET_PASPALE_PLAYER_HAS_MATHS_gkls621'),
('ASTRONOMY_CLUB_ASTRONOMY_SCIENCE_gkls621',        'MODIFIER_SINGLE_CITY_ADJUST_YIELD_CHANGE',       'REQSET_PASPALE_PLAYER_HAS_ASTRONOMY_gkls621'),
('ASTRONOMY_CLUB_ASTRONOMY_GPP_gkls621',            'MODIFIER_SINGLE_CITY_ADJUST_GREAT_PERSON_POINT', 'REQSET_PASPALE_PLAYER_HAS_ASTRONOMY_gkls621'),
('ASTRONOMY_CLUB_ADVANCED_FLIGHT_SCIENCE_gkls621',  'MODIFIER_SINGLE_CITY_ADJUST_YIELD_CHANGE',       'REQSET_PASPALE_PLAYER_HAS_ADVANCED_FLIGHT_gkls621'),
('ASTRONOMY_CLUB_ADVANCED_FLIGHT_GPP_gkls621',      'MODIFIER_SINGLE_CITY_ADJUST_GREAT_PERSON_POINT', 'REQSET_PASPALE_PLAYER_HAS_ADVANCED_FLIGHT_gkls621');

INSERT INTO ModifierArguments
(ModifierId,    Name,   Value)
VALUES
('ASTRONOMY_CLUB_SPACE_PROJECT_PRODUCTION_gkls621', 'Amount',   50),
('ASTRONOMY_CLUB_BUILDING_BLOCK_gkls621', 'BuildingType', 'BUILDING_BUILDING_BLOCK_HINA_gkls621'),
('ASTRONOMY_CLUB_MATHS_SCIENCE_gkls621', 'YieldType', 'YIELD_SCIENCE'),
('ASTRONOMY_CLUB_MATHS_SCIENCE_gkls621', 'Amount', '2'),
('ASTRONOMY_CLUB_ASTRONOMY_SCIENCE_gkls621', 'YieldType', 'YIELD_SCIENCE'),
('ASTRONOMY_CLUB_ASTRONOMY_SCIENCE_gkls621', 'Amount', '4'),
('ASTRONOMY_CLUB_ADVANCED_FLIGHT_SCIENCE_gkls621', 'YieldType', 'YIELD_SCIENCE'),
('ASTRONOMY_CLUB_ADVANCED_FLIGHT_SCIENCE_gkls621', 'Amount', '8'),
('ASTRONOMY_CLUB_MATHS_GPP_gkls621', 'GreatPersonClassType', 'GREAT_PERSON_CLASS_SCIENTIST'),
('ASTRONOMY_CLUB_MATHS_GPP_gkls621', 'PointsPerTurn', '1'),
('ASTRONOMY_CLUB_ASTRONOMY_GPP_gkls621', 'GreatPersonClassType', 'GREAT_PERSON_CLASS_SCIENTIST'),
('ASTRONOMY_CLUB_ASTRONOMY_GPP_gkls621', 'PointsPerTurn', '1'),
('ASTRONOMY_CLUB_ADVANCED_FLIGHT_GPP_gkls621', 'GreatPersonClassType', 'GREAT_PERSON_CLASS_SCIENTIST'),
('ASTRONOMY_CLUB_ADVANCED_FLIGHT_GPP_gkls621', 'PointsPerTurn', '1');

/*INSERT INTO ModifierArguments
(ModifierId,    Name,   Value)
SELECT
'ASTRONOMY_CLUB_MATHS_SCIENCE_gkls621', 'Amount', YieldChange
FROM Building_YieldChanges WHERE BuildingType = 'BUILDING_LIBRARY';

INSERT INTO ModifierArguments
(ModifierId,    Name,   Value)
SELECT
'ASTRONOMY_CLUB_ASTRONOMY_SCIENCE_gkls621', 'Amount', YieldChange
FROM Building_YieldChanges WHERE BuildingType = 'BUILDING_UNIVERSITY';

INSERT INTO ModifierArguments
(ModifierId,    Name,   Value)
SELECT
'ASTRONOMY_CLUB_ADVANCED_FLIGHT_SCIENCE_gkls621', 'Amount', b1.YieldChange + b2.YieldChange
FROM Building_YieldChanges b1
JOIN Building_YieldChangesBonusWithPower b2
ON b1.BuildingType = 'BUILDING_RESEARCH_LAB' AND b1.BuildingType = b2.BuildingType;

INSERT INTO ModifierArguments
(ModifierId,    Name,   Value)
SELECT
'ASTRONOMY_CLUB_MATHS_GPP_gkls621', 'Amount', PointsPerTurn
FROM Building_GreatPersonPoints WHERE BuildingType = 'BUILDING_LIBRARY';

INSERT INTO ModifierArguments
(ModifierId,    Name,   Value)
SELECT
'ASTRONOMY_CLUB_ASTRONOMY_GPP_gkls621', 'Amount', PointsPerTurn
FROM Building_GreatPersonPoints WHERE BuildingType = 'BUILDING_UNIVERSITY';

INSERT INTO ModifierArguments
(ModifierId,    Name,   Value)
SELECT
'ASTRONOMY_CLUB_ADVANCED_FLIGHT_GPP_gkls621', 'Amount', PointsPerTurn
FROM Building_GreatPersonPoints WHERE BuildingType = 'BUILDING_RESEARCH_LAB';*/

INSERT INTO RequirementSets (RequirementSetId, RequirementSetType)
VALUES
('REQSET_PASPALE_PLOT_ADJACENT_TO_SPACEPORT_gkls621', 'REQUIREMENTSET_TEST_ALL'),
('REQSET_PASPALE_PLAYER_HAS_MATHS_gkls621', 'REQUIREMENTSET_TEST_ALL'),
('REQSET_PASPALE_PLAYER_HAS_ASTRONOMY_gkls621', 'REQUIREMENTSET_TEST_ALL'),
('REQSET_PASPALE_PLAYER_HAS_ADVANCED_FLIGHT_gkls621', 'REQUIREMENTSET_TEST_ALL');

INSERT INTO RequirementSetRequirements (RequirementSetId, RequirementId)
VALUES
('REQSET_PASPALE_PLOT_ADJACENT_TO_SPACEPORT_gkls621', 'PASPALE_PLOT_ADJACENT_TO_SPACEPORT_gkls621'),
('REQSET_PASPALE_PLAYER_HAS_MATHS_gkls621', 'PASPALE_PLAYER_HAS_MATHS_gkls621'),
('REQSET_PASPALE_PLAYER_HAS_ASTRONOMY_gkls621', 'PASPALE_PLAYER_HAS_ASTRONOMY_gkls621'),
('REQSET_PASPALE_PLAYER_HAS_ADVANCED_FLIGHT_gkls621', 'PASPALE_PLAYER_HAS_ADVANCED_FLIGHT_gkls621');

INSERT INTO Requirements (RequirementId, RequirementType)
VALUES
('PASPALE_PLOT_ADJACENT_TO_SPACEPORT_gkls621', 'REQUIREMENT_PLOT_ADJACENT_DISTRICT_TYPE_MATCHES'),
('PASPALE_PLAYER_HAS_MATHS_gkls621', 'REQUIREMENT_PLAYER_HAS_TECHNOLOGY'),
('PASPALE_PLAYER_HAS_ASTRONOMY_gkls621', 'REQUIREMENT_PLAYER_HAS_TECHNOLOGY'),
('PASPALE_PLAYER_HAS_ADVANCED_FLIGHT_gkls621', 'REQUIREMENT_PLAYER_HAS_TECHNOLOGY');

INSERT INTO RequirementArguments (RequirementId, Name, Value)
VALUES
('PASPALE_PLOT_ADJACENT_TO_SPACEPORT_gkls621', 'DistrictType', 'DISTRICT_SPACEPORT'),
('PASPALE_PLAYER_HAS_MATHS_gkls621', 'TechnologyType', 'TECH_MATHEMATICS'),
('PASPALE_PLAYER_HAS_ASTRONOMY_gkls621', 'TechnologyType', 'TECH_ASTRONOMY'),
('PASPALE_PLAYER_HAS_ADVANCED_FLIGHT_gkls621', 'TechnologyType', 'TECH_ADVANCED_FLIGHT');

