-- Hina Traits
INSERT INTO Types
(Type,  Kind)
VALUES
('TRAIT_LEADER_HINA_gkls621', 'KIND_TRAIT');

INSERT INTO Traits
(TraitType,                     Name,                                   Description)
VALUES
('TRAIT_LEADER_HINA_gkls621', 'LOC_TRAIT_LEADER_HINA_gkls621_NAME', 'LOC_TRAIT_LEADER_HINA_gkls621_DESCRIPTION');

INSERT INTO LeaderTraits
(LeaderType,                TraitType)
VALUES
('LEADER_HINA_gkls621',   'TRAIT_LEADER_HINA_gkls621'),
('LEADER_HINA_gkls621',   'TRAIT_DISTRICT_ASTRONOMY_CLUB_gkls621');

INSERT INTO TraitModifiers
(TraitType, ModifierId)
VALUES
('TRAIT_LEADER_HINA_gkls621',    'TRAIT_WORK_GRASS_MOUNTAIN'),
('TRAIT_LEADER_HINA_gkls621',    'TRAIT_WORK_PLAINS_MOUNTAIN'),
('TRAIT_LEADER_HINA_gkls621',    'TRAIT_WORK_DESERT_MOUNTAIN'),
('TRAIT_LEADER_HINA_gkls621',    'TRAIT_WORK_TUNDRA_MOUNTAIN'),
('TRAIT_LEADER_HINA_gkls621',    'TRAIT_WORK_SNOW_MOUNTAIN'),
('TRAIT_LEADER_HINA_gkls621',    'HINA_NON_CAPITAL_POPULATION_SCIENCE_DECREMENT_gkls621'),
('TRAIT_LEADER_HINA_gkls621',    'HINA_TOKEN_SCIENCE_ATTACH_gkls621'),
('TRAIT_LEADER_HINA_gkls621',    'HINA_MOUNTAIN_SCIENCE_gkls621'),
('TRAIT_LEADER_HINA_gkls621',    'HINA_MOUNTAIN_PRODUCTION_gkls621'),
('TRAIT_LEADER_HINA_gkls621',    'HINA_MOUNTAIN_FOOD_gkls621'),
('TRAIT_LEADER_HINA_gkls621',    'HINA_MOUNTAIN_SCIENCE_LATE_gkls621'),
('TRAIT_LEADER_HINA_gkls621',    'HINA_AERODROME_ROCKETRY_gkls621'),
('TRAIT_LEADER_HINA_gkls621',    'HINA_AERODROME_STEALTH_gkls621');
--('TRAIT_LEADER_HINA_gkls621',    'HINA_SPACEPORT_FUTURE_BOOSTS_gkls621');

INSERT INTO TraitModifiers
(TraitType, ModifierId)
SELECT
'TRAIT_LEADER_HINA_gkls621', 'HINA_' || TechnologyType || '_BOOST_AND_UNLOCK'
FROM Technologies WHERE EraType = 'ERA_FUTURE' AND Repeatable = 0;

INSERT INTO Modifiers
(ModifierId,    ModifierType,   RunOnce,    Permanent,    SubjectRequirementSetId)
VALUES
('HINA_AERODROME_ROCKETRY_gkls621',   'MODIFIER_PLAYER_GRANT_SPECIFIC_TECHNOLOGY',  1,    1,  'REQSET_PASPALE_PLAYER_HAS_AERODROME_gkls621'),
('HINA_AERODROME_STEALTH_gkls621',   'MODIFIER_PLAYER_GRANT_SPECIFIC_TECHNOLOGY',   1,    1,  'REQSET_PASPALE_PLAYER_HAS_AERODROME_gkls621'),
--('HINA_SPACEPORT_FUTURE_BOOSTS_gkls621',   'MODIFIER_PLAYER_GRANT_ALL_TECHNOLOGY_BOOST_BY_ERA', 1,    1,  'REQSET_PASPALE_PLAYER_HAS_SPACEPORT_gkls621'),
('PASPALE_RANDOM_TECH_gkls621', 'MODIFIER_PLAYER_GRANT_RANDOM_TECHNOLOGY',  1,  1,  NULL),
('PASPALE_RANDOM_CIVIC_gkls621', 'MODIFIER_PLAYER_GRANT_RANDOM_CIVIC',  1,  1,  NULL),
('PASPALE_FUTURE_TECH_BOOST_gkls621',   'MODIFIER_PLAYER_GRANT_RANDOM_TECHNOLOGY_BOOST_BY_ERA', 1,  1,  NULL);

INSERT INTO Modifiers
(ModifierId,    ModifierType,   SubjectRequirementSetId)
VALUES
('HINA_NON_CAPITAL_POPULATION_SCIENCE_DECREMENT_gkls621',    'MODIFIER_PLAYER_CITIES_ADJUST_CITY_YIELD_PER_POPULATION',    'REQSET_PASPALE_CITY_IS_NOT_CAPITAL_gkls621'),
('HINA_TOKEN_SCIENCE_ATTACH_gkls621',    'MODIFIER_PLAYER_CITIES_ATTACH_MODIFIER',    'REQSET_PASPALE_CITY_IS_NOT_CAPITAL_gkls621'),
('HINA_TOKEN_SCIENCE_gkls621',           'MODIFIER_PLAYER_ADJUST_YIELD_CHANGE_PER_USED_INFLUENCE_TOKEN',    NULL),
('HINA_MOUNTAIN_SCIENCE_gkls621',   'MODIFIER_PLAYER_ADJUST_PLOT_YIELD',    'REQUIREMENTS_PLOT_IS_MOUNTAIN'),
('HINA_MOUNTAIN_PRODUCTION_gkls621',   'MODIFIER_PLAYER_ADJUST_PLOT_YIELD',    'REQUIREMENTS_PLOT_IS_MOUNTAIN'),
('HINA_MOUNTAIN_FOOD_gkls621',   'MODIFIER_PLAYER_ADJUST_PLOT_YIELD',    'REQUIREMENTS_PLOT_IS_MOUNTAIN'),
('HINA_MOUNTAIN_SCIENCE_LATE_gkls621',   'MODIFIER_PLAYER_ADJUST_PLOT_YIELD',    'REQUIREMENTS_PLOT_IS_MOUNTAIN_LATE');

INSERT INTO Modifiers
(ModifierId,    ModifierType,   RunOnce,    Permanent, SubjectRequirementSetId) 
SELECT
'HINA_' || TechnologyType || '_BOOST_AND_UNLOCK', 'MODIFIER_PLAYER_GRANT_SPECIFIC_TECH_BOOST',
1, 1, 'REQSET_PASPALE_PLAYER_HAS_SPACEPORT_gkls621'
FROM Technologies WHERE EraType = 'ERA_FUTURE' AND Repeatable = 0;

INSERT INTO ModifierArguments
(ModifierId,    Name,   Value)
VALUES
('HINA_AERODROME_ROCKETRY_gkls621', 'TechType', 'TECH_ROCKETRY'),
('HINA_AERODROME_STEALTH_gkls621', 'TechType', 'TECH_STEALTH_TECHNOLOGY'),
--('HINA_SPACEPORT_FUTURE_BOOSTS_gkls621',    'StartEraType', 'ERA_FUTURE'),
--('HINA_SPACEPORT_FUTURE_BOOSTS_gkls621',    'EndEraType', 'ERA_FUTURE'),
('HINA_NON_CAPITAL_POPULATION_SCIENCE_DECREMENT_gkls621',   'Amount',   '-0.5'),
('HINA_NON_CAPITAL_POPULATION_SCIENCE_DECREMENT_gkls621',   'YieldType',   'YIELD_SCIENCE'),
('HINA_TOKEN_SCIENCE_ATTACH_gkls621',   'ModifierId', 'HINA_TOKEN_SCIENCE_gkls621'),
('HINA_TOKEN_SCIENCE_gkls621',   'Amount',   0.4),
('HINA_TOKEN_SCIENCE_gkls621',   'YieldType',   'YIELD_SCIENCE'),
('HINA_MOUNTAIN_SCIENCE_gkls621',   'Amount',   2),
('HINA_MOUNTAIN_SCIENCE_gkls621',   'YieldType',   'YIELD_SCIENCE'),
('HINA_MOUNTAIN_PRODUCTION_gkls621',   'Amount',   1),
('HINA_MOUNTAIN_PRODUCTION_gkls621',   'YieldType',   'YIELD_PRODUCTION'),
('HINA_MOUNTAIN_FOOD_gkls621',   'Amount',   3),
('HINA_MOUNTAIN_FOOD_gkls621',   'YieldType',   'YIELD_FOOD'),
('HINA_MOUNTAIN_SCIENCE_LATE_gkls621',   'Amount',   3),
('HINA_MOUNTAIN_SCIENCE_LATE_gkls621',   'YieldType',   'YIELD_SCIENCE'),
('PASPALE_RANDOM_TECH_gkls621',   'Amount',   1),
('PASPALE_RANDOM_CIVIC_gkls621',   'Amount',   1),
('PASPALE_FUTURE_TECH_BOOST_gkls621',    'StartEraType', 'ERA_FUTURE'),
('PASPALE_FUTURE_TECH_BOOST_gkls621',    'EndEraType', 'ERA_FUTURE'),
('PASPALE_FUTURE_TECH_BOOST_gkls621',    'Amount', 1);

INSERT INTO ModifierArguments
(ModifierId,    Name,   Value) 
SELECT
'HINA_' || TechnologyType || '_BOOST_AND_UNLOCK',
'TechType', TechnologyType
FROM Technologies WHERE EraType = 'ERA_FUTURE' AND Repeatable = 0;

INSERT INTO ModifierArguments
(ModifierId,    Name,   Value) 
SELECT
'HINA_' || TechnologyType || '_BOOST_AND_UNLOCK',
'GrantTechIfBoosted', 1
FROM Technologies WHERE EraType = 'ERA_FUTURE' AND Repeatable = 0;

INSERT INTO RequirementSets (RequirementSetId, RequirementSetType)
VALUES
('REQSET_PASPALE_PLAYER_HAS_AERODROME_gkls621', 'REQUIREMENTSET_TEST_ALL'),
('REQSET_PASPALE_PLAYER_HAS_SPACEPORT_gkls621', 'REQUIREMENTSET_TEST_ALL'),
('REQSET_PASPALE_CITY_IS_NOT_CAPITAL_gkls621', 'REQUIREMENTSET_TEST_ALL');

INSERT INTO RequirementSetRequirements (RequirementSetId, RequirementId)
VALUES
('REQSET_PASPALE_PLAYER_HAS_AERODROME_gkls621', 'PASPALE_PLAYER_HAS_AERODROME_gkls621'),
('REQSET_PASPALE_PLAYER_HAS_SPACEPORT_gkls621', 'PASPALE_PLAYER_HAS_SPACEPORT_gkls621'),
('REQSET_PASPALE_CITY_IS_NOT_CAPITAL_gkls621', 'PASPALE_CITY_IS_NOT_CAPITAL_gkls621');

INSERT INTO Requirements (RequirementId, RequirementType)
VALUES
('PASPALE_PLAYER_HAS_AERODROME_gkls621', 'REQUIREMENT_PLAYER_HAS_DISTRICT'),
('PASPALE_PLAYER_HAS_SPACEPORT_gkls621', 'REQUIREMENT_PLAYER_HAS_DISTRICT');

INSERT INTO Requirements (RequirementId, RequirementType, Inverse)
VALUES
('PASPALE_CITY_IS_NOT_CAPITAL_gkls621', 'REQUIREMENT_CITY_HAS_BUILDING', 1);

INSERT INTO RequirementArguments (RequirementId, Name, Value)
VALUES
('PASPALE_PLAYER_HAS_AERODROME_gkls621', 'DistrictType', 'DISTRICT_AERODROME'),
('PASPALE_PLAYER_HAS_SPACEPORT_gkls621', 'DistrictType', 'DISTRICT_SPACEPORT'),
('PASPALE_CITY_IS_NOT_CAPITAL_gkls621', 'BuildingType', 'BUILDING_PALACE');