INSERT INTO Types
(Type, Kind)
VALUES
('MODIFIER_PASPALE_SINGLE_CITY_ADJUST_HAPPINESS_YIELD_gkls621', 'KIND_MODIFIER'),
('MODIFIER_PASPALE_CITY_DISTRICTS_ADJUST_EXTRA_REGIONAL_RANGE_gkls621', 'KIND_MODIFIER'),
('MODIFIER_PASPALE_SINGLE_CITY_ADJUST_EXTRA_UNIT_COPY_TAG_gkls621', 'KIND_MODIFIER'),
('MODIFIER_PASPALE_PLAYER_CITIES_ADJUST_RESOURCE_HARVEST_BONUS_gkls621', 'KIND_MODIFIER'),
('MODIFIER_PASPALE_PLAYER_CITIES_ADJUST_CAN_PURCHASE_DISTRICTS_gkls621', 'KIND_MODIFIER');

INSERT INTO DynamicModifiers (ModifierType, EffectType, CollectionType)
VALUES
('MODIFIER_PASPALE_SINGLE_CITY_ADJUST_HAPPINESS_YIELD_gkls621', 'EFFECT_ADJUST_CITY_HAPPINESS_YIELD', 'COLLECTION_OWNER'),
('MODIFIER_PASPALE_CITY_DISTRICTS_ADJUST_EXTRA_REGIONAL_RANGE_gkls621', 'EFFECT_ADJUST_DISTRICT_EXTRA_REGIONAL_RANGE', 'COLLECTION_CITY_DISTRICTS'),
('MODIFIER_PASPALE_SINGLE_CITY_ADJUST_EXTRA_UNIT_COPY_TAG_gkls621', 'EFFECT_ADJUST_EXTRA_UNIT_COPY_TAG', 'COLLECTION_OWNER'),
('MODIFIER_PASPALE_PLAYER_CITIES_ADJUST_RESOURCE_HARVEST_BONUS_gkls621', 'EFFECT_ADJUST_CITY_RESOURCE_HARVEST_BONUS', 'COLLECTION_PLAYER_CITIES'),
('MODIFIER_PASPALE_PLAYER_CITIES_ADJUST_CAN_PURCHASE_DISTRICTS_gkls621', 'EFFECT_ADJUST_CITY_CAN_PURCHASE_DISTRICTS', 'COLLECTION_PLAYER_CITIES');

INSERT INTO GreatPersonIndividualBirthModifiers
(GreatPersonIndividualType, ModifierId)
VALUES
('GREAT_PERSON_INDIVIDUAL_SAYURI_gkls621', 'IDOL_SAYURI_IDOL_THEATER_CULTURE_TO_SCIENCE_ATTACH_gkls621'),
('GREAT_PERSON_INDIVIDUAL_SAYURI_gkls621', 'IDOL_SAYURI_IDOL_THEATER_GOLD_TO_SCIENCE_ATTACH_gkls621'),
('GREAT_PERSON_INDIVIDUAL_SEIKO_gkls621',  'IDOL_SEIKO_CITY_HAPPY_GOLD_ATTACH_gkls621'),
('GREAT_PERSON_INDIVIDUAL_SEIKO_gkls621',  'IDOL_SEIKO_CITY_ECSTATIC_GOLD_ATTACH_gkls621'),
('GREAT_PERSON_INDIVIDUAL_MARI_gkls621',   'IDOL_MARI_DISTRICTS_EXTRA_RANGE_ATTACH_gkls621'),
('GREAT_PERSON_INDIVIDUAL_YUKIKO_gkls621', 'IDOL_YUKIKO_COMBAT_STRENGTH_gkls621'),
('GREAT_PERSON_INDIVIDUAL_YUKIKO_gkls621', 'IDOL_YUKIKO_MOVEMENT_gkls621'),
('GREAT_PERSON_INDIVIDUAL_MEGUMI_gkls621', 'IDOL_MEGUMI_EXTRA_ROCK_BAND_ATTACH_gkls621'),
('GREAT_PERSON_INDIVIDUAL_765AS_gkls621',  'IDOL_765AS_CITIES_IDENTITY_PRESSURE_ATTACH_gkls621'),
('GREAT_PERSON_INDIVIDUAL_PASPALE_gkls621','IDOL_PASPALE_CITIES_PRODUCTION_gkls621');

INSERT INTO GreatPersonIndividualActionModifiers
(GreatPersonIndividualType, ModifierId, AttachmentTargetType)
VALUES
('GREAT_PERSON_INDIVIDUAL_MOMOE_gkls621',   'IDOL_MOMOE_IDOL_EXTRA_CHARGE_gkls621',                             'GREAT_PERSON_ACTION_ATTACHMENT_TARGET_PLAYER'),
('GREAT_PERSON_INDIVIDUAL_MOMOE_gkls621',   'GREATPERSON_GOLD_LARGE',                                           'GREAT_PERSON_ACTION_ATTACHMENT_TARGET_DISTRICT_IN_TILE'),
('GREAT_PERSON_INDIVIDUAL_MOMOE_gkls621',   'GREAT_PERSON_GRANT_LOTSO_CULTURE',                                 'GREAT_PERSON_ACTION_ATTACHMENT_TARGET_DISTRICT_IN_TILE'),
('GREAT_PERSON_INDIVIDUAL_PLADY_gkls621',   'GREATPERSON_EXTRA_TRADE_ROUTE_CAPACITY',                           'GREAT_PERSON_ACTION_ATTACHMENT_TARGET_PLAYER'),
('GREAT_PERSON_INDIVIDUAL_PLADY_gkls621',   'GREATPERSON_FREE_TRADER_UNIT',                                     'GREAT_PERSON_ACTION_ATTACHMENT_TARGET_DISTRICT_IN_TILE'),
('GREAT_PERSON_INDIVIDUAL_PLADY_gkls621',   'IDOL_PLADY_FOREIGN_CONTINENT_CITIES_YIELD_gkls621',                'GREAT_PERSON_ACTION_ATTACHMENT_TARGET_PLAYER'),
('GREAT_PERSON_INDIVIDUAL_SEIKO_gkls621',   'IDOL_SEIKO_COAST_PRODUCTION_gkls621',                              'GREAT_PERSON_ACTION_ATTACHMENT_TARGET_PLAYER'),
('GREAT_PERSON_INDIVIDUAL_SEIKO_gkls621',   'IDOL_SEIKO_COASTAL_DISTRICT_AMENITY_gkls621',                      'GREAT_PERSON_ACTION_ATTACHMENT_TARGET_PLAYER'),
('GREAT_PERSON_INDIVIDUAL_MARI_gkls621',    'FORBIDDEN_CITY_WILDCARD_GOVERNMENT_SLOT',                          'GREAT_PERSON_ACTION_ATTACHMENT_TARGET_PLAYER'),
('GREAT_PERSON_INDIVIDUAL_MARI_gkls621',    'IDOL_MARI_CITIES_GRANT_P51_WITH_AERODROME_gkls621',                'GREAT_PERSON_ACTION_ATTACHMENT_TARGET_PLAYER'),
('GREAT_PERSON_INDIVIDUAL_AKINA_gkls621',   'IDOL_AKINA_ALL_PROJECTS_PRODUCTION_gkls621',                       'GREAT_PERSON_ACTION_ATTACHMENT_TARGET_PLAYER'),
('GREAT_PERSON_INDIVIDUAL_AKINA_gkls621',   'IDOL_AKINA_CULTURE_PER_TRIBUTARY_gkls621',                         'GREAT_PERSON_ACTION_ATTACHMENT_TARGET_PLAYER'),
('GREAT_PERSON_INDIVIDUAL_AKINA_gkls621',   'GREATPERSON_INFLUENCE_TOKENS_MEDIUM',                              'GREAT_PERSON_ACTION_ATTACHMENT_TARGET_DISTRICT_IN_TILE'),
--('GREAT_PERSON_INDIVIDUAL_AKINA_gkls621',   'GREATPERSON_INFLUENCE_TOKENS_SMALL', 'GREAT_PERSON_ACTION_ATTACHMENT_TARGET_DISTRICT_IN_TILE'),
('GREAT_PERSON_INDIVIDUAL_NORIKO_gkls621',  'GREATPERSON_GOVERNOR_POINTS',                                      'GREAT_PERSON_ACTION_ATTACHMENT_TARGET_PLAYER'),
('GREAT_PERSON_INDIVIDUAL_NORIKO_gkls621',  'GOV_GRANT_SPY',                                                    'GREAT_PERSON_ACTION_ATTACHMENT_TARGET_PLAYER'),
('GREAT_PERSON_INDIVIDUAL_NORIKO_gkls621',  'GOV_ADD_SPY_UNIT',                                                 'GREAT_PERSON_ACTION_ATTACHMENT_TARGET_DISTRICT_IN_TILE'),
('GREAT_PERSON_INDIVIDUAL_NORIKO_gkls621',  'IDOL_NORIKO_OFFENSIVE_SPY_SCIENCE_gkls621',                        'GREAT_PERSON_ACTION_ATTACHMENT_TARGET_PLAYER'),
('GREAT_PERSON_INDIVIDUAL_NORIKO_gkls621',  'IDOL_NORIKO_OFFENSIVE_SPY_GOLD_gkls621',                           'GREAT_PERSON_ACTION_ATTACHMENT_TARGET_PLAYER'),
('GREAT_PERSON_INDIVIDUAL_YUKIKO_gkls621',  'TRAIT_TOWORLDSEND_NO_WAR_WEARINESS',                               'GREAT_PERSON_ACTION_ATTACHMENT_TARGET_PLAYER'),
('GREAT_PERSON_INDIVIDUAL_YUKIKO_gkls621',  'IDOL_YUKIKO_UNITS_PROPERTY_STRENGTH_gkls621',                      'GREAT_PERSON_ACTION_ATTACHMENT_TARGET_PLAYER'),
('GREAT_PERSON_INDIVIDUAL_YUKIKO_gkls621',  'IDOL_YUKIKO_COMBAT_ADJACENT_UNITS_ATTACH_gkls621',                 'GREAT_PERSON_ACTION_ATTACHMENT_TARGET_PLAYER'),
('GREAT_PERSON_INDIVIDUAL_MEGUMI_gkls621',  'IDOL_MEGUMI_GRANT_ROCK_BANDS_gkls621',                             'GREAT_PERSON_ACTION_ATTACHMENT_TARGET_DISTRICT_IN_TILE'),
('GREAT_PERSON_INDIVIDUAL_MEGUMI_gkls621',  'IDOL_MEGUMI_CITIES_ROCK_BAND_AMENITY_gkls621',                     'GREAT_PERSON_ACTION_ATTACHMENT_TARGET_PLAYER'),
('GREAT_PERSON_INDIVIDUAL_MORNING_gkls621', 'IDOL_MORNING_CITIES_HARVEST_YIELDS_gkls621',                       'GREAT_PERSON_ACTION_ATTACHMENT_TARGET_PLAYER'),
('GREAT_PERSON_INDIVIDUAL_MORNING_gkls621', 'IDOL_MORNING_FAITH_FROM_HARVEST_gkls621',                          'GREAT_PERSON_ACTION_ATTACHMENT_TARGET_PLAYER'),
('GREAT_PERSON_INDIVIDUAL_AKB48_gkls621',   'IDOL_AKB48_CITIES_GOLD_POPULATION_BASE_gkls621',                   'GREAT_PERSON_ACTION_ATTACHMENT_TARGET_PLAYER'),
('GREAT_PERSON_INDIVIDUAL_AKB48_gkls621',   'IDOL_AKB48_CITIES_GOLD_POPULATION_WITH_BROADCAST_CENTER_gkls621',  'GREAT_PERSON_ACTION_ATTACHMENT_TARGET_PLAYER'),
('GREAT_PERSON_INDIVIDUAL_CLOVERZ_gkls621', 'IDOL_CLOVERZ_TOURISM_BOMB_FARM_ABILITY_gkls621',                   'GREAT_PERSON_ACTION_ATTACHMENT_TARGET_PLAYER'),
('GREAT_PERSON_INDIVIDUAL_CLOVERZ_gkls621', 'IDOL_CLOVERZ_ROCK_LEVEL_FARM_ABILITY_gkls621',                     'GREAT_PERSON_ACTION_ATTACHMENT_TARGET_PLAYER'),
('GREAT_PERSON_INDIVIDUAL_CLOVERZ_gkls621', 'IDOL_CLOVERZ_TOURISM_BOMB_PLANTATION_ABILITY_gkls621',             'GREAT_PERSON_ACTION_ATTACHMENT_TARGET_PLAYER'),
('GREAT_PERSON_INDIVIDUAL_CLOVERZ_gkls621', 'IDOL_CLOVERZ_ROCK_LEVEL_PLANTATION_ABILITY_gkls621',               'GREAT_PERSON_ACTION_ATTACHMENT_TARGET_PLAYER'),
('GREAT_PERSON_INDIVIDUAL_CLOVERZ_gkls621', 'IDOL_CLOVERZ_TOURISM_BOMB_LUMBER_MILL_ABILITY_gkls621',            'GREAT_PERSON_ACTION_ATTACHMENT_TARGET_PLAYER'),
('GREAT_PERSON_INDIVIDUAL_CLOVERZ_gkls621', 'IDOL_CLOVERZ_ROCK_LEVEL_LUMBER_MILL_ABILITY_gkls621',              'GREAT_PERSON_ACTION_ATTACHMENT_TARGET_PLAYER'),
('GREAT_PERSON_INDIVIDUAL_765AS_gkls621',   'IDOL_765AS_CITIES_ALLOW_PURCHASE_DISTRICTS_FULL_LOYALTY_gkls621',  'GREAT_PERSON_ACTION_ATTACHMENT_TARGET_PLAYER'),
('GREAT_PERSON_INDIVIDUAL_MUS_gkls621',     'IDOL_MUS_KILL_ENEMY_UNITS_gkls621',                                'GREAT_PERSON_ACTION_ATTACHMENT_TARGET_UNIT_GREATPERSON'),
('GREAT_PERSON_INDIVIDUAL_MUS_gkls621',     'IDOL_MUS_UNITS_DEATH_RELIC_ABILITY_gkls621',                       'GREAT_PERSON_ACTION_ATTACHMENT_TARGET_PLAYER'),
('GREAT_PERSON_INDIVIDUAL_PASPALE_gkls621', 'IDOL_PASPALE_CITIES_UNLIMITED_DISTRICTS_FULL_LOYALTY_gkls621',     'GREAT_PERSON_ACTION_ATTACHMENT_TARGET_PLAYER');

INSERT INTO GreatPersonIndividualActionModifiers
(GreatPersonIndividualType, ModifierId, AttachmentTargetType)
SELECT DISTINCT
'GREAT_PERSON_INDIVIDUAL_SAYURI_gkls621',
'IDOL_SAYURI_CITY_SCIENCE_PER_' || GreatWorkObjectType || '_gkls621',
'GREAT_PERSON_ACTION_ATTACHMENT_TARGET_DISTRICT_IN_TILE'
FROM  GreatWorkObjectTypes ;

INSERT INTO GreatPersonIndividualActionModifiers
(GreatPersonIndividualType, ModifierId, AttachmentTargetType)
SELECT DISTINCT
'GREAT_PERSON_INDIVIDUAL_SAYURI_gkls621',
'IDOL_SAYURI_CITY_CULTURE_PER_' || GreatWorkObjectType || '_gkls621',
'GREAT_PERSON_ACTION_ATTACHMENT_TARGET_DISTRICT_IN_TILE'
FROM  GreatWorkObjectTypes ;

INSERT INTO GreatPersonIndividualActionModifiers
(GreatPersonIndividualType, ModifierId, AttachmentTargetType)
SELECT DISTINCT
'GREAT_PERSON_INDIVIDUAL_SPEED_gkls621',
'IDOL_SPEED_' || GreatPersonClassType || '_IDOL_THEATER_SCIENCE_gkls621',
'GREAT_PERSON_ACTION_ATTACHMENT_TARGET_PLAYER'
FROM GreatPersonClasses;

INSERT INTO Modifiers
(ModifierId, ModifierType, SubjectRequirementSetId)
VALUES
-- Birth Modifiers
('IDOL_SAYURI_IDOL_THEATER_CULTURE_TO_SCIENCE_ATTACH_gkls621', 'MODIFIER_PLAYER_CITIES_ATTACH_MODIFIER', 'REQSET_PASPALE_PLOT_ADJACENT_TO_OWNER_MEDIUM_gkls621'),
('IDOL_SAYURI_IDOL_THEATER_GOLD_TO_SCIENCE_ATTACH_gkls621', 'MODIFIER_PLAYER_CITIES_ATTACH_MODIFIER', 'REQSET_PASPALE_PLOT_ADJACENT_TO_OWNER_MEDIUM_gkls621'),
('IDOL_SEIKO_CITY_HAPPY_GOLD_ATTACH_gkls621', 'MODIFIER_PLAYER_CITIES_ATTACH_MODIFIER', 'REQSET_PASPALE_PLOT_ADJACENT_TO_OWNER_LARGE_gkls621'),
('IDOL_SEIKO_CITY_ECSTATIC_GOLD_ATTACH_gkls621', 'MODIFIER_PLAYER_CITIES_ATTACH_MODIFIER', 'REQSET_PASPALE_PLOT_ADJACENT_TO_OWNER_LARGE_gkls621'),
('IDOL_MARI_DISTRICTS_EXTRA_RANGE_ATTACH_gkls621', 'MODIFIER_PLAYER_CITIES_ATTACH_MODIFIER', 'REQSET_PASPALE_PLOT_ADJACENT_TO_OWNER_LARGE_gkls621'),
('IDOL_YUKIKO_COMBAT_STRENGTH_gkls621', 'MODIFIER_PLAYER_UNITS_GRANT_ABILITY', 'REQSET_PASPALE_UNIT_ADJACENT_TO_OWNER_SMALL_gkls621'),
('IDOL_YUKIKO_MOVEMENT_gkls621', 'MODIFIER_PLAYER_UNITS_GRANT_ABILITY', 'REQSET_PASPALE_UNIT_ADJACENT_TO_OWNER_SMALL_gkls621'),
('IDOL_MEGUMI_EXTRA_ROCK_BAND_ATTACH_gkls621', 'MODIFIER_PLAYER_CITIES_ATTACH_MODIFIER', 'REQSET_PASPALE_UNIT_ADJACENT_TO_OWNER_SMALL_gkls621'),
('IDOL_765AS_CITIES_IDENTITY_PRESSURE_ATTACH_gkls621', 'MODIFIER_PLAYER_CITIES_ATTACH_MODIFIER', 'REQSET_PASPALE_PLOT_ADJACENT_TO_OWNER_LARGE_gkls621'),
('IDOL_PASPALE_CITIES_PRODUCTION_gkls621', 'MODIFIER_PLAYER_CITIES_ADJUST_CITY_YIELD_MODIFIER', 'REQSET_PASPALE_PLOT_ADJACENT_TO_OWNER_LARGE_gkls621'),
-- Action Modifiers
('IDOL_PLADY_FOREIGN_CONTINENT_CITIES_YIELD_gkls621', 'MODIFIER_PLAYER_CITIES_ADJUST_CITY_YIELD_MODIFIER', 'REQUIRES_CITY_IS_OTHER_CONTINENT'), -- YIELD_PRODUCTION, YIELD_FOOD, YIELD_SCIENCE, YIELD_CULTURE, YIELD_GOLD, YIELD_FAITH 10, 10, 10, 10, 10,10
('IDOL_SEIKO_COAST_PRODUCTION_gkls621', 'MODIFIER_PLAYER_ADJUST_PLOT_YIELD', 'PLOT_HAS_SHALLOW_WATER'),
('IDOL_SEIKO_COASTAL_DISTRICT_AMENITY_gkls621', 'MODIFIER_PLAYER_DISTRICTS_ADJUST_DISTRICT_AMENITY', 'PLOT_IS_OR_ADJACENT_TO_COAST'),
('IDOL_AKINA_ALL_PROJECTS_PRODUCTION_gkls621', 'MODIFIER_PLAYER_CITIES_ADJUST_ALL_PROJECTS_PRODUCTION', NULL),
('IDOL_AKINA_CULTURE_PER_TRIBUTARY_gkls621', 'MODIFIER_PLAYER_ADJUST_YIELD_MODIFIER_PER_TRIBUTARY', NULL),
('IDOL_NORIKO_OFFENSIVE_SPY_SCIENCE_gkls621', 'MODIFIER_PLAYER_ADJUST_TARGET_CITY_SPY_YIELD_PERCENT', NULL),
('IDOL_NORIKO_OFFENSIVE_SPY_GOLD_gkls621', 'MODIFIER_PLAYER_ADJUST_TARGET_CITY_SPY_YIELD_PERCENT', NULL),
('IDOL_YUKIKO_UNITS_PROPERTY_STRENGTH_gkls621', 'MODIFIER_PLAYER_UNITS_GRANT_ABILITY', NULL),
('IDOL_YUKIKO_COMBAT_ADJACENT_UNITS_ATTACH_gkls621', 'MODIFIER_ALL_COMBAT_RESULTS_APPLY_MODIFIER_TO_UNITS_ON_ADJACENT_TILES', 'REQSET_PASPALE_COMBAT_FATAL_gkls621'), -- REQUIREMENT_COMBAT_DEFENDER_IS_PLAYER
('IDOL_MEGUMI_CITIES_ROCK_BAND_AMENITY_gkls621', 'MODIFIER_PLAYER_CITIES_ADJUST_TRAIT_AMENITY', 'REQSET_PASPALE_PLOT_HAS_ROCK_BAND_gkls621'),
('IDOL_MORNING_CITIES_HARVEST_YIELDS_gkls621', 'MODIFIER_PASPALE_PLAYER_CITIES_ADJUST_RESOURCE_HARVEST_BONUS_gkls621', NULL),
('IDOL_MORNING_FAITH_FROM_HARVEST_gkls621', 'MODIFIER_PLAYER_GRANT_FAITH_FROM_HARVEST', NULL),
('IDOL_AKB48_CITIES_GOLD_POPULATION_BASE_gkls621', 'MODIFIER_PLAYER_CITIES_ADJUST_CITY_YIELD_PER_POPULATION', NULL),
('IDOL_AKB48_CITIES_GOLD_POPULATION_WITH_BROADCAST_CENTER_gkls621', 'MODIFIER_PLAYER_CITIES_ADJUST_CITY_YIELD_PER_POPULATION', 'REQSET_PASPALE_CITY_HAS_BROADCAST_TOWER_gkls621'),
('IDOL_CLOVERZ_TOURISM_BOMB_FARM_ABILITY_gkls621', 'MODIFIER_PLAYER_UNITS_GRANT_ABILITY', NULL),
('IDOL_CLOVERZ_ROCK_LEVEL_FARM_ABILITY_gkls621', 'MODIFIER_PLAYER_UNITS_GRANT_ABILITY', NULL),
('IDOL_CLOVERZ_ROCK_LEVEL_PLANTATION_ABILITY_gkls621', 'MODIFIER_PLAYER_UNITS_GRANT_ABILITY', NULL),
('IDOL_CLOVERZ_TOURISM_BOMB_PLANTATION_ABILITY_gkls621', 'MODIFIER_PLAYER_UNITS_GRANT_ABILITY', NULL),
('IDOL_CLOVERZ_TOURISM_BOMB_LUMBER_MILL_ABILITY_gkls621', 'MODIFIER_PLAYER_UNITS_GRANT_ABILITY', NULL),
('IDOL_CLOVERZ_ROCK_LEVEL_LUMBER_MILL_ABILITY_gkls621', 'MODIFIER_PLAYER_UNITS_GRANT_ABILITY', NULL),
('IDOL_765AS_CITIES_ALLOW_PURCHASE_DISTRICTS_FULL_LOYALTY_gkls621', 'MODIFIER_PASPALE_PLAYER_CITIES_ADJUST_CAN_PURCHASE_DISTRICTS_gkls621', 'MONUMENT_FULL_LOYALTY_REQUIREMENTS'),
('IDOL_MUS_KILL_ENEMY_UNITS_gkls621', 'MODIFIER_WORLD_UNITS_ADJUST_DAMAGE', 'REQSET_PASPALE_AOE_ENEMY_gkls621'),
('IDOL_MUS_UNITS_DEATH_RELIC_ABILITY_gkls621', 'MODIFIER_PLAYER_UNITS_GRANT_ABILITY', NULL),
('IDOL_PASPALE_CITIES_UNLIMITED_DISTRICTS_FULL_LOYALTY_gkls621', 'MODIFIER_PLAYER_CITIES_EXTRA_DISTRICT', 'MONUMENT_FULL_LOYALTY_REQUIREMENTS'),
-- Modifiers to be attached
('IDOL_SAYURI_IDOL_THEATER_CULTURE_TO_SCIENCE_gkls621', 'MODIFIER_PLAYER_DISTRICTS_ADJUST_YIELD_BASED_ON_ADJACENCY_BONUS', 'REQSET_PASPALE_DISTRICT_IS_IDOL_THEATER_gkls621'),
('IDOL_SAYURI_IDOL_THEATER_GOLD_TO_SCIENCE_gkls621', 'MODIFIER_PLAYER_DISTRICTS_ADJUST_YIELD_BASED_ON_ADJACENCY_BONUS', 'REQSET_PASPALE_DISTRICT_IS_IDOL_THEATER_gkls621'),
('IDOL_MARI_DISTRICTS_EXTRA_RANGE_gkls621', 'MODIFIER_PASPALE_CITY_DISTRICTS_ADJUST_EXTRA_REGIONAL_RANGE_gkls621', NULL),
('IDOL_SEIKO_CITY_HAPPY_GOLD_gkls621', 'MODIFIER_PASPALE_SINGLE_CITY_ADJUST_HAPPINESS_YIELD_gkls621', NULL),
('IDOL_SEIKO_CITY_ECSTATIC_GOLD_gkls621', 'MODIFIER_PASPALE_SINGLE_CITY_ADJUST_HAPPINESS_YIELD_gkls621', NULL),
('IDOL_MEGUMI_EXTRA_ROCK_BAND_gkls621', 'MODIFIER_PASPALE_SINGLE_CITY_ADJUST_EXTRA_UNIT_COPY_TAG_gkls621', NULL),
('IDOL_765AS_CITIES_IDENTITY_PRESSURE_gkls621', 'MODIFIER_SINGLE_CITY_ADJUST_IDENTITY_PRESSURE', NULL),
('IDOL_YUKIKO_UNIT_ADJUST_PROPERTY_gkls621', 'MODIFIER_UNIT_ADJUST_PROPERTY', NULL);

INSERT INTO Modifiers
(ModifierId, ModifierType, RunOnce, Permanent, SubjectRequirementSetId)
VALUES
('IDOL_MOMOE_IDOL_EXTRA_CHARGE_gkls621', 'MODIFIER_PLAYER_UNITS_ADJUST_GREAT_PERSON_CHARGES', 0, 1, 'REQSET_PASPALE_UNIT_IS_IDOL_gkls621'),
('IDOL_MARI_CITIES_GRANT_P51_WITH_AERODROME_gkls621', 'MODIFIER_PLAYER_CITIES_GRANT_UNIT_IN_CITY', 0, 1, 'REQSET_PASPALE_CITY_HAS_AERODROME_gkls621'),
('IDOL_MEGUMI_GRANT_ROCK_BANDS_gkls621', 'MODIFIER_PLAYER_GRANT_UNIT_IN_CAPITAL', 1, 1, NULL);

INSERT INTO Modifiers
(ModifierId, ModifierType, RunOnce, Permanent)
SELECT DISTINCT
'IDOL_SAYURI_CITY_SCIENCE_PER_' || GreatWorkObjectType || '_gkls621',
'MODIFIER_SINGLE_CITY_GRANT_YIELD_PER_GREAT_WORK',
1, 1
FROM  GreatWorkObjectTypes ;

INSERT INTO Modifiers
(ModifierId, ModifierType, RunOnce, Permanent)
SELECT DISTINCT
'IDOL_SAYURI_CITY_CULTURE_PER_' || GreatWorkObjectType || '_gkls621',
'MODIFIER_SINGLE_CITY_GRANT_YIELD_PER_GREAT_WORK',
1, 1
FROM  GreatWorkObjectTypes ;

INSERT INTO Modifiers
(ModifierId, ModifierType, SubjectRequirementSetId)
SELECT DISTINCT
'IDOL_SPEED_' || GreatPersonClassType || '_IDOL_THEATER_SCIENCE_gkls621',
'MODIFIER_PLAYER_DISTRICTS_ADJUST_YIELD_CHANGE',
'REQSET_PASPALE_SPEED_' || GreatPersonClassType || '_gkls621'
FROM GreatPersonClasses;

INSERT INTO ModifierArguments
(ModifierId, Name, Value)
VALUES
-- Birth Modifiers
('IDOL_SAYURI_IDOL_THEATER_CULTURE_TO_SCIENCE_ATTACH_gkls621', 'ModifierId', 'IDOL_SAYURI_IDOL_THEATER_CULTURE_TO_SCIENCE_gkls621'),
('IDOL_SAYURI_IDOL_THEATER_GOLD_TO_SCIENCE_ATTACH_gkls621', 'ModifierId', 'IDOL_SAYURI_IDOL_THEATER_GOLD_TO_SCIENCE_gkls621'),
('IDOL_SEIKO_CITY_HAPPY_GOLD_ATTACH_gkls621', 'ModifierId', 'IDOL_SEIKO_CITY_HAPPY_GOLD_gkls621'),
('IDOL_SEIKO_CITY_ECSTATIC_GOLD_ATTACH_gkls621', 'ModifierId', 'IDOL_SEIKO_CITY_ECSTATIC_GOLD_gkls621'),
('IDOL_MARI_DISTRICTS_EXTRA_RANGE_ATTACH_gkls621', 'ModifierId', 'IDOL_MARI_DISTRICTS_EXTRA_RANGE_gkls621'),
('IDOL_YUKIKO_COMBAT_STRENGTH_gkls621', 'AbilityType', 'ABILITY_IDOL_YUKIKO_COMBAT_STRENGTH_gkls621'),
('IDOL_YUKIKO_MOVEMENT_gkls621', 'AbilityType', 'ABILITY_IDOL_YUKIKO_MOVEMENT_gkls621'),
('IDOL_MEGUMI_EXTRA_ROCK_BAND_ATTACH_gkls621', 'ModifierId', 'IDOL_MEGUMI_EXTRA_ROCK_BAND_gkls621'),
('IDOL_765AS_CITIES_IDENTITY_PRESSURE_ATTACH_gkls621', 'ModifierId', 'IDOL_765AS_CITIES_IDENTITY_PRESSURE_gkls621'),
('IDOL_PASPALE_CITIES_PRODUCTION_gkls621', 'YieldType', 'YIELD_PRODUCTION'),
('IDOL_PASPALE_CITIES_PRODUCTION_gkls621', 'Amount', 100),
-- Action Modifiers
('IDOL_MOMOE_IDOL_EXTRA_CHARGE_gkls621', 'Amount', 1),
('IDOL_PLADY_FOREIGN_CONTINENT_CITIES_YIELD_gkls621', 'YieldType', 'YIELD_PRODUCTION, YIELD_FOOD, YIELD_SCIENCE, YIELD_CULTURE, YIELD_GOLD, YIELD_FAITH'),
('IDOL_PLADY_FOREIGN_CONTINENT_CITIES_YIELD_gkls621', 'Amount', '10, 10, 10, 10, 10,10'),
('IDOL_SEIKO_COAST_PRODUCTION_gkls621', 'Amount', 1),
('IDOL_SEIKO_COAST_PRODUCTION_gkls621', 'YieldType', 'YIELD_PRODUCTION'),
('IDOL_SEIKO_COASTAL_DISTRICT_AMENITY_gkls621', 'Amount', 1),
('IDOL_MARI_CITIES_GRANT_P51_WITH_AERODROME_gkls621', 'UnitType', 'UNIT_AMERICAN_P51'),
('IDOL_MARI_CITIES_GRANT_P51_WITH_AERODROME_gkls621', 'Amount', 2),
('IDOL_MARI_CITIES_GRANT_P51_WITH_AERODROME_gkls621', 'AllowUniqueOverride', 0),
('IDOL_AKINA_ALL_PROJECTS_PRODUCTION_gkls621', 'Amount', 20),
('IDOL_AKINA_CULTURE_PER_TRIBUTARY_gkls621', 'Amount', 5),
('IDOL_AKINA_CULTURE_PER_TRIBUTARY_gkls621', 'YieldType', 'YIELD_CULTURE'),
('IDOL_NORIKO_OFFENSIVE_SPY_SCIENCE_gkls621', 'Percent', 150),
('IDOL_NORIKO_OFFENSIVE_SPY_SCIENCE_gkls621', 'YieldType', 'YIELD_SCIENCE'),
('IDOL_NORIKO_OFFENSIVE_SPY_GOLD_gkls621', 'Percent', 150),
('IDOL_NORIKO_OFFENSIVE_SPY_GOLD_gkls621', 'YieldType', 'YIELD_GOLD'),
('IDOL_YUKIKO_UNITS_PROPERTY_STRENGTH_gkls621', 'AbilityType', 'ABILITY_IDOL_YUKIKO_PROPERTY_STRENGTH_gkls621'),
('IDOL_YUKIKO_COMBAT_ADJACENT_UNITS_ATTACH_gkls621', 'ModifierId', 'IDOL_YUKIKO_UNIT_ADJUST_PROPERTY_gkls621'),
('IDOL_MEGUMI_CITIES_ROCK_BAND_AMENITY_gkls621', 'Amount', 5),
('IDOL_MEGUMI_GRANT_ROCK_BANDS_gkls621', 'UnitType', 'UNIT_ROCK_BAND'),
('IDOL_MEGUMI_GRANT_ROCK_BANDS_gkls621', 'Amount', 3),
('IDOL_MEGUMI_GRANT_ROCK_BANDS_gkls621', 'AllowUniqueOverride', 0),
('IDOL_MORNING_CITIES_HARVEST_YIELDS_gkls621', 'Amount', 50),
('IDOL_MORNING_FAITH_FROM_HARVEST_gkls621', 'Amount', 100),
('IDOL_AKB48_CITIES_GOLD_POPULATION_BASE_gkls621', 'YieldType', 'YIELD_GOLD'),
('IDOL_AKB48_CITIES_GOLD_POPULATION_BASE_gkls621', 'Amount', 10),
('IDOL_AKB48_CITIES_GOLD_POPULATION_WITH_BROADCAST_CENTER_gkls621', 'YieldType', 'YIELD_GOLD'),
('IDOL_AKB48_CITIES_GOLD_POPULATION_WITH_BROADCAST_CENTER_gkls621', 'Amount', 20),
('IDOL_CLOVERZ_TOURISM_BOMB_FARM_ABILITY_gkls621', 'AbilityType', 'ABILITY_IDOL_CLOVERZ_TOURISM_BOMB_FARM_gkls621'),
('IDOL_CLOVERZ_ROCK_LEVEL_FARM_ABILITY_gkls621', 'AbilityType', 'ABILITY_IDOL_CLOVERZ_ROCK_LEVEL_FARM_gkls621'),
('IDOL_CLOVERZ_ROCK_LEVEL_PLANTATION_ABILITY_gkls621', 'AbilityType', 'ABILITY_IDOL_CLOVERZ_ROCK_LEVEL_PLANTATION_gkls621'),
('IDOL_CLOVERZ_TOURISM_BOMB_PLANTATION_ABILITY_gkls621', 'AbilityType', 'ABILITY_IDOL_CLOVERZ_TOURISM_BOMB_PLANTATION_gkls621'),
('IDOL_CLOVERZ_TOURISM_BOMB_LUMBER_MILL_ABILITY_gkls621', 'AbilityType', 'ABILITY_IDOL_CLOVERZ_TOURISM_BOMB_LUMBER_MILL_gkls621'),
('IDOL_CLOVERZ_ROCK_LEVEL_LUMBER_MILL_ABILITY_gkls621', 'AbilityType', 'ABILITY_IDOL_CLOVERZ_ROCK_LEVEL_LUMBER_MILL_gkls621'),
('IDOL_765AS_CITIES_ALLOW_PURCHASE_DISTRICTS_FULL_LOYALTY_gkls621', 'CanPurchase', 1),
('IDOL_MUS_KILL_ENEMY_UNITS_gkls621', 'Amount', 100),
('IDOL_MUS_UNITS_DEATH_RELIC_ABILITY_gkls621', 'AbilityType', 'ABILITY_IDOL_MUS_UNITS_DEATH_RELIC_gkls621'),
('IDOL_PASPALE_CITIES_UNLIMITED_DISTRICTS_FULL_LOYALTY_gkls621', 'Amount', 20),
-- Modifiers to be attached
('IDOL_SAYURI_IDOL_THEATER_CULTURE_TO_SCIENCE_gkls621', 'YieldTypeToMirror', 'YIELD_CULTURE'),
('IDOL_SAYURI_IDOL_THEATER_CULTURE_TO_SCIENCE_gkls621', 'YieldTypeToGrant', 'YIELD_SCIENCE'),
('IDOL_SAYURI_IDOL_THEATER_GOLD_TO_SCIENCE_gkls621', 'YieldTypeToMirror', 'YIELD_GOLD'),
('IDOL_SAYURI_IDOL_THEATER_GOLD_TO_SCIENCE_gkls621', 'YieldTypeToGrant', 'YIELD_SCIENCE'),
('IDOL_SEIKO_CITY_HAPPY_GOLD_gkls621', 'Amount', 50),
('IDOL_SEIKO_CITY_HAPPY_GOLD_gkls621', 'HappinessType', 'HAPPINESS_HAPPY'),
('IDOL_SEIKO_CITY_HAPPY_GOLD_gkls621', 'YieldType', 'YIELD_GOLD'),
('IDOL_SEIKO_CITY_ECSTATIC_GOLD_gkls621', 'Amount', 150),
('IDOL_SEIKO_CITY_ECSTATIC_GOLD_gkls621', 'HappinessType', 'HAPPINESS_ECSTATIC'),
('IDOL_SEIKO_CITY_ECSTATIC_GOLD_gkls621', 'YieldType', 'YIELD_GOLD'),
('IDOL_MARI_DISTRICTS_EXTRA_RANGE_gkls621', 'Amount', 3),
('IDOL_MEGUMI_EXTRA_ROCK_BAND_gkls621', 'Amount', 1),
('IDOL_MEGUMI_EXTRA_ROCK_BAND_gkls621', 'Tag', 'CLASS_ROCK_BAND'),
('IDOL_765AS_CITIES_IDENTITY_PRESSURE_gkls621', 'Amount', 5),
('IDOL_YUKIKO_UNIT_ADJUST_PROPERTY_gkls621', 'Key', 'YUKIKO_COMBAT_PROPERTY_gkls621'),
('IDOL_YUKIKO_UNIT_ADJUST_PROPERTY_gkls621', 'Amount', 1);

INSERT INTO ModifierArguments
(ModifierId, Name, Value, Type)
SELECT DISTINCT
'IDOL_SAYURI_CITY_SCIENCE_PER_' || GreatWorkObjectType || '_gkls621',
'Amount',
200, 'ScaleByGameSpeed'
FROM  GreatWorkObjectTypes ;

INSERT INTO ModifierArguments
(ModifierId, Name, Value)
SELECT DISTINCT
'IDOL_SAYURI_CITY_SCIENCE_PER_' || GreatWorkObjectType || '_gkls621',
'GreatWorkObjectType',
GreatWorkObjectType
FROM  GreatWorkObjectTypes ;

INSERT INTO ModifierArguments
(ModifierId, Name, Value)
SELECT DISTINCT
'IDOL_SAYURI_CITY_SCIENCE_PER_' || GreatWorkObjectType || '_gkls621',
'YieldType',
'YIELD_SCIENCE'
FROM  GreatWorkObjectTypes ;

INSERT INTO ModifierArguments
(ModifierId, Name, Value, Type)
SELECT DISTINCT
'IDOL_SAYURI_CITY_CULTURE_PER_' || GreatWorkObjectType || '_gkls621',
'Amount',
200, 'ScaleByGameSpeed'
FROM  GreatWorkObjectTypes ;

INSERT INTO ModifierArguments
(ModifierId, Name, Value)
SELECT DISTINCT
'IDOL_SAYURI_CITY_CULTURE_PER_' || GreatWorkObjectType || '_gkls621',
'GreatWorkObjectType',
GreatWorkObjectType
FROM  GreatWorkObjectTypes ;

INSERT INTO ModifierArguments
(ModifierId, Name, Value)
SELECT DISTINCT
'IDOL_SAYURI_CITY_CULTURE_PER_' || GreatWorkObjectType || '_gkls621',
'YieldType',
'YIELD_CULTURE'
FROM  GreatWorkObjectTypes ;

INSERT INTO ModifierArguments
(ModifierId, Name, Value)
SELECT DISTINCT
'IDOL_SPEED_' || GreatPersonClassType || '_IDOL_THEATER_SCIENCE_gkls621',
'Amount',
2
FROM GreatPersonClasses;

INSERT INTO ModifierArguments
(ModifierId, Name, Value)
SELECT DISTINCT
'IDOL_SPEED_' || GreatPersonClassType || '_IDOL_THEATER_SCIENCE_gkls621',
'YieldType',
'YIELD_SCIENCE'
FROM GreatPersonClasses;

-- Abilities
INSERT INTO Types
(Type, Kind)
VALUES
('ABILITY_IDOL_YUKIKO_COMBAT_STRENGTH_gkls621', 'KIND_ABILITY'),
('ABILITY_IDOL_YUKIKO_MOVEMENT_gkls621', 'KIND_ABILITY'),
('ABILITY_IDOL_YUKIKO_PROPERTY_STRENGTH_gkls621', 'KIND_ABILITY'),
('ABILITY_IDOL_CLOVERZ_TOURISM_BOMB_FARM_gkls621', 'KIND_ABILITY'),
('ABILITY_IDOL_CLOVERZ_ROCK_LEVEL_FARM_gkls621', 'KIND_ABILITY'),
('ABILITY_IDOL_CLOVERZ_ROCK_LEVEL_PLANTATION_gkls621', 'KIND_ABILITY'),
('ABILITY_IDOL_CLOVERZ_TOURISM_BOMB_PLANTATION_gkls621', 'KIND_ABILITY'),
('ABILITY_IDOL_CLOVERZ_TOURISM_BOMB_LUMBER_MILL_gkls621', 'KIND_ABILITY'),
('ABILITY_IDOL_CLOVERZ_ROCK_LEVEL_LUMBER_MILL_gkls621', 'KIND_ABILITY'),
('ABILITY_IDOL_MUS_UNITS_DEATH_RELIC_gkls621', 'KIND_ABILITY');

INSERT INTO TypeTags
(Type,  Tag)
VALUES
('ABILITY_IDOL_YUKIKO_COMBAT_STRENGTH_gkls621', 'CLASS_ALL_COMBAT_UNITS'),
('ABILITY_IDOL_YUKIKO_MOVEMENT_gkls621', 'CLASS_ALL_COMBAT_UNITS'),
('ABILITY_IDOL_YUKIKO_PROPERTY_STRENGTH_gkls621', 'CLASS_ALL_COMBAT_UNITS'),
('ABILITY_IDOL_CLOVERZ_TOURISM_BOMB_FARM_gkls621', 'CLASS_ROCK_BAND'),
('ABILITY_IDOL_CLOVERZ_ROCK_LEVEL_FARM_gkls621', 'CLASS_ROCK_BAND'),
('ABILITY_IDOL_CLOVERZ_ROCK_LEVEL_PLANTATION_gkls621', 'CLASS_ROCK_BAND'),
('ABILITY_IDOL_CLOVERZ_TOURISM_BOMB_PLANTATION_gkls621', 'CLASS_ROCK_BAND'),
('ABILITY_IDOL_CLOVERZ_TOURISM_BOMB_LUMBER_MILL_gkls621', 'CLASS_ROCK_BAND'),
('ABILITY_IDOL_CLOVERZ_ROCK_LEVEL_LUMBER_MILL_gkls621', 'CLASS_ROCK_BAND'),
('ABILITY_IDOL_MUS_UNITS_DEATH_RELIC_gkls621', 'CLASS_ALL_COMBAT_UNITS');

INSERT INTO UnitAbilities
(UnitAbilityType,   Name,   Description,    Inactive)
VALUES
('ABILITY_IDOL_YUKIKO_COMBAT_STRENGTH_gkls621', 'LOC_ABILITY_IDOL_YUKIKO_COMBAT_STRENGTH_gkls621_NAME', 'LOC_ABILITY_IDOL_YUKIKO_COMBAT_STRENGTH_gkls621_DESCRIPTION', 1),
('ABILITY_IDOL_YUKIKO_MOVEMENT_gkls621', 'LOC_ABILITY_IDOL_YUKIKO_MOVEMENT_gkls621_NAME', 'LOC_ABILITY_IDOL_YUKIKO_MOVEMENT_gkls621_DESCRIPTION', 1),
('ABILITY_IDOL_YUKIKO_PROPERTY_STRENGTH_gkls621', 'LOC_ABILITY_IDOL_YUKIKO_PROPERTY_STRENGTH_gkls621_NAME', 'LOC_ABILITY_IDOL_YUKIKO_PROPERTY_STRENGTH_gkls621_DESCRIPTION', 1),
('ABILITY_IDOL_CLOVERZ_TOURISM_BOMB_FARM_gkls621', 'LOC_ABILITY_IDOL_CLOVERZ_TOURISM_BOMB_FARM_gkls621_NAME', 'LOC_ABILITY_IDOL_CLOVERZ_TOURISM_BOMB_FARM_gkls621_DESCRIPTION', 1),
('ABILITY_IDOL_CLOVERZ_ROCK_LEVEL_FARM_gkls621', 'LOC_ABILITY_IDOL_CLOVERZ_ROCK_LEVEL_FARM_gkls621_NAME', 'LOC_ABILITY_IDOL_CLOVERZ_ROCK_LEVEL_FARM_gkls621_DESCRIPTION', 1),
('ABILITY_IDOL_CLOVERZ_ROCK_LEVEL_PLANTATION_gkls621', 'LOC_ABILITY_IDOL_CLOVERZ_ROCK_LEVEL_PLANTATION_gkls621_NAME', 'LOC_ABILITY_IDOL_CLOVERZ_ROCK_LEVEL_PLANTATION_gkls621_DESCRIPTION', 1),
('ABILITY_IDOL_CLOVERZ_TOURISM_BOMB_PLANTATION_gkls621', 'LOC_ABILITY_IDOL_CLOVERZ_TOURISM_BOMB_PLANTATION_gkls621_NAME', 'LOC_ABILITY_IDOL_CLOVERZ_TOURISM_BOMB_PLANTATION_gkls621_DESCRIPTION', 1),
('ABILITY_IDOL_CLOVERZ_TOURISM_BOMB_LUMBER_MILL_gkls621', 'LOC_ABILITY_IDOL_CLOVERZ_TOURISM_BOMB_LUMBER_MILL_gkls621_NAME', 'LOC_ABILITY_IDOL_CLOVERZ_TOURISM_BOMB_LUMBER_MILL_gkls621_DESCRIPTION', 1),
('ABILITY_IDOL_CLOVERZ_ROCK_LEVEL_LUMBER_MILL_gkls621', 'LOC_ABILITY_IDOL_CLOVERZ_ROCK_LEVEL_LUMBER_MILL_gkls621_NAME', 'LOC_ABILITY_IDOL_CLOVERZ_ROCK_LEVEL_LUMBER_MILL_gkls621_DESCRIPTION', 1),
('ABILITY_IDOL_MUS_UNITS_DEATH_RELIC_gkls621', 'LOC_ABILITY_IDOL_MUS_UNITS_DEATH_RELIC_gkls621_NAME', 'LOC_ABILITY_IDOL_MUS_UNITS_DEATH_RELIC_gkls621_DESCRIPTION', 1);

INSERT INTO UnitAbilityModifiers
(UnitAbilityType, ModifierId)
VALUES
('ABILITY_IDOL_YUKIKO_COMBAT_STRENGTH_gkls621', 'ABILITY_IDOL_YUKIKO_COMBAT_STRENGTH_gkls621'),
('ABILITY_IDOL_YUKIKO_MOVEMENT_gkls621', 'ABILITY_IDOL_YUKIKO_MOVEMENT_gkls621'),
('ABILITY_IDOL_YUKIKO_PROPERTY_STRENGTH_gkls621', 'ABILITY_IDOL_YUKIKO_PROPERTY_STRENGTH_gkls621'),
('ABILITY_IDOL_CLOVERZ_TOURISM_BOMB_FARM_gkls621', 'ABILITY_IDOL_CLOVERZ_TOURISM_BOMB_FARM_gkls621'),
('ABILITY_IDOL_CLOVERZ_ROCK_LEVEL_FARM_gkls621', 'ABILITY_IDOL_CLOVERZ_ROCK_LEVEL_FARM_gkls621'),
('ABILITY_IDOL_CLOVERZ_ROCK_LEVEL_PLANTATION_gkls621', 'ABILITY_IDOL_CLOVERZ_ROCK_LEVEL_PLANTATION_gkls621'),
('ABILITY_IDOL_CLOVERZ_TOURISM_BOMB_PLANTATION_gkls621', 'ABILITY_IDOL_CLOVERZ_TOURISM_BOMB_PLANTATION_gkls621'),
('ABILITY_IDOL_CLOVERZ_TOURISM_BOMB_LUMBER_MILL_gkls621', 'ABILITY_IDOL_CLOVERZ_TOURISM_BOMB_LUMBER_MILL_gkls621'),
('ABILITY_IDOL_CLOVERZ_ROCK_LEVEL_LUMBER_MILL_gkls621', 'ABILITY_IDOL_CLOVERZ_ROCK_LEVEL_LUMBER_MILL_gkls621'),
('ABILITY_IDOL_MUS_UNITS_DEATH_RELIC_gkls621', 'ABILITY_IDOL_MUS_UNITS_DEATH_RELIC_gkls621');

INSERT INTO Modifiers
(ModifierId, ModifierType, SubjectRequirementSetId)
VALUES
('ABILITY_IDOL_YUKIKO_COMBAT_STRENGTH_gkls621', 'MODIFIER_UNIT_ADJUST_COMBAT_STRENGTH', NULL),
('ABILITY_IDOL_YUKIKO_MOVEMENT_gkls621', 'MODIFIER_PLAYER_UNIT_ADJUST_MOVEMENT', NULL),
('ABILITY_IDOL_YUKIKO_PROPERTY_STRENGTH_gkls621', 'MODIFIER_UNIT_ADJUST_COMBAT_STRENGTH', NULL),
('ABILITY_IDOL_CLOVERZ_TOURISM_BOMB_FARM_gkls621', 'MODIFIER_PLAYER_UNIT_ADJUST_TOURISM_BOMB_IMPROVEMENT', NULL),
('ABILITY_IDOL_CLOVERZ_ROCK_LEVEL_FARM_gkls621', 'MODIFIER_PLAYER_UNIT_ADJUST_ROCK_BAND_LEVEL_IMPROVEMENT', NULL),
('ABILITY_IDOL_CLOVERZ_ROCK_LEVEL_PLANTATION_gkls621', 'MODIFIER_PLAYER_UNIT_ADJUST_ROCK_BAND_LEVEL_IMPROVEMENT', NULL),
('ABILITY_IDOL_CLOVERZ_TOURISM_BOMB_PLANTATION_gkls621', 'MODIFIER_PLAYER_UNIT_ADJUST_TOURISM_BOMB_IMPROVEMENT', NULL),
('ABILITY_IDOL_CLOVERZ_TOURISM_BOMB_LUMBER_MILL_gkls621', 'MODIFIER_PLAYER_UNIT_ADJUST_TOURISM_BOMB_IMPROVEMENT', NULL),
('ABILITY_IDOL_CLOVERZ_ROCK_LEVEL_LUMBER_MILL_gkls621', 'MODIFIER_PLAYER_UNIT_ADJUST_ROCK_BAND_LEVEL_IMPROVEMENT', NULL),
('ABILITY_IDOL_MUS_UNITS_DEATH_RELIC_gkls621', 'MODIFIER_PLAYER_UNIT_ADJUST_RELIC_UPON_DEATH', NULL);

INSERT INTO ModifierArguments
(ModifierId,    Name,   Value)
VALUES
('ABILITY_IDOL_YUKIKO_COMBAT_STRENGTH_gkls621', 'Amount', 5),
('ABILITY_IDOL_YUKIKO_MOVEMENT_gkls621', 'Amount', 1),
('ABILITY_IDOL_YUKIKO_PROPERTY_STRENGTH_gkls621', 'Key', 'YUKIKO_COMBAT_PROPERTY_gkls621'),
('ABILITY_IDOL_CLOVERZ_TOURISM_BOMB_FARM_gkls621', 'ImprovementType', 'IMPROVEMENT_FARM'),
('ABILITY_IDOL_CLOVERZ_TOURISM_BOMB_FARM_gkls621', 'Amount', 200),
('ABILITY_IDOL_CLOVERZ_ROCK_LEVEL_FARM_gkls621', 'ImprovementType', 'IMPROVEMENT_FARM'),
('ABILITY_IDOL_CLOVERZ_ROCK_LEVEL_FARM_gkls621', 'Amount', 1),
('ABILITY_IDOL_CLOVERZ_ROCK_LEVEL_PLANTATION_gkls621', 'ImprovementType', 'IMPROVEMENT_PLANTATION'),
('ABILITY_IDOL_CLOVERZ_ROCK_LEVEL_PLANTATION_gkls621', 'Amount', 1),
('ABILITY_IDOL_CLOVERZ_TOURISM_BOMB_PLANTATION_gkls621', 'ImprovementType', 'IMPROVEMENT_PLANTATION'),
('ABILITY_IDOL_CLOVERZ_TOURISM_BOMB_PLANTATION_gkls621', 'Amount', 200),
('ABILITY_IDOL_CLOVERZ_TOURISM_BOMB_LUMBER_MILL_gkls621', 'ImprovementType', 'IMPROVEMENT_LUMBER_MILL'),
('ABILITY_IDOL_CLOVERZ_TOURISM_BOMB_LUMBER_MILL_gkls621', 'Amount', 200),
('ABILITY_IDOL_CLOVERZ_ROCK_LEVEL_LUMBER_MILL_gkls621', 'ImprovementType', 'IMPROVEMENT_LUMBER_MILL'),
('ABILITY_IDOL_CLOVERZ_ROCK_LEVEL_LUMBER_MILL_gkls621', 'Amount', 1),
('ABILITY_IDOL_MUS_UNITS_DEATH_RELIC_gkls621', 'RelicUponDeath', 1);

-- Requirement Sets
INSERT INTO RequirementSets(RequirementSetId,   RequirementSetType)
VALUES
('REQSET_PASPALE_PLOT_ADJACENT_TO_OWNER_MEDIUM_gkls621', 'REQUIREMENTSET_TEST_ALL'),
('REQSET_PASPALE_PLOT_ADJACENT_TO_OWNER_LARGE_gkls621', 'REQUIREMENTSET_TEST_ALL'),
('REQSET_PASPALE_UNIT_ADJACENT_TO_OWNER_SMALL_gkls621', 'REQUIREMENTSET_TEST_ALL'),
('REQSET_PASPALE_UNIT_IS_IDOL_gkls621', 'REQUIREMENTSET_TEST_ALL'),
('REQSET_PASPALE_COMBAT_FATAL_gkls621', 'REQUIREMENTSET_TEST_ALL'),
('REQSET_PASPALE_PLOT_HAS_ROCK_BAND_gkls621', 'REQUIREMENTSET_TEST_ALL'),
('REQSET_PASPALE_CITY_HAS_BROADCAST_TOWER_gkls621', 'REQUIREMENTSET_TEST_ANY'),
('REQSET_PASPALE_CITY_HAS_AERODROME_gkls621', 'REQUIREMENTSET_TEST_ALL'),
('REQSET_PASPALE_AOE_ENEMY_gkls621', 'REQUIREMENTSET_TEST_ALL');

INSERT INTO RequirementSets(RequirementSetId,   RequirementSetType)
SELECT DISTINCT
'REQSET_PASPALE_SPEED_' || GreatPersonClassType || '_gkls621',
'REQUIREMENTSET_TEST_ALL'
FROM GreatPersonClasses;

INSERT INTO RequirementSetRequirements (RequirementSetId, RequirementId)
VALUES
('REQSET_PASPALE_PLOT_ADJACENT_TO_OWNER_MEDIUM_gkls621', 'PASPALE_PLOT_ADJACENT_TO_OWNER_MEDIUM_gkls621'),
('REQSET_PASPALE_PLOT_ADJACENT_TO_OWNER_LARGE_gkls621', 'PASPALE_PLOT_ADJACENT_TO_OWNER_LARGE_gkls621'),
('REQSET_PASPALE_UNIT_ADJACENT_TO_OWNER_SMALL_gkls621', 'PASPALE_PLOT_ADJACENT_TO_OWNER_SMALL_gkls621'),
('REQSET_PASPALE_UNIT_IS_IDOL_gkls621', 'PASPALE_UNIT_IS_IDOL_gkls621'),
('REQSET_PASPALE_COMBAT_FATAL_gkls621', 'PASPALE_COMBAT_KILLS_UNIT_gkls621'),
('REQSET_PASPALE_PLOT_HAS_ROCK_BAND_gkls621', 'PASPALE_PLOT_HAS_ROCK_BAND_gkls621'),
('REQSET_PASPALE_CITY_HAS_AERODROME_gkls621', 'PASPALE_CITY_HAS_AERODROME_gkls621'),
('REQSET_PASPALE_AOE_ENEMY_gkls621', 'PASPALE_AOE_ENEMY_gkls621');

INSERT INTO RequirementSetRequirements (RequirementSetId, RequirementId)
SELECT DISTINCT
'REQSET_PASPALE_CITY_HAS_BROADCAST_TOWER_gkls621',
'PASPALE_CITY_HAS_' || b1.BuildingType || '_gkls621'
FROM Buildings b1
WHERE b1.PrereqDistrict = 'DISTRICT_THEATER'
AND EXISTS (
    SELECT 1
    FROM BuildingPrereqs b2
    WHERE b2.Building = b1.BuildingType AND (b2.PrereqBuilding = 'BUILDING_MUSEUM_ART' OR b2.PrereqBuilding = 'BUILDING_JNR_OPERA')
);

INSERT INTO RequirementSetRequirements (RequirementSetId, RequirementId)
SELECT DISTINCT
'REQSET_PASPALE_SPEED_' || GreatPersonClassType || '_gkls621',
'PASPALE_SPEED_' || GreatPersonClassType || '_gkls621'
FROM GreatPersonClasses;

INSERT INTO Requirements (RequirementId, RequirementType)
VALUES
('PASPALE_PLOT_ADJACENT_TO_OWNER_MEDIUM_gkls621', 'REQUIREMENT_PLOT_ADJACENT_TO_OWNER'),
('PASPALE_PLOT_ADJACENT_TO_OWNER_LARGE_gkls621', 'REQUIREMENT_PLOT_ADJACENT_TO_OWNER'),
('PASPALE_PLOT_ADJACENT_TO_OWNER_SMALL_gkls621', 'REQUIREMENT_PLOT_ADJACENT_TO_OWNER'),
('PASPALE_UNIT_IS_IDOL_gkls621', 'REQUIREMENT_GREAT_PERSON_TYPE_MATCHES'),
('PASPALE_COMBAT_KILLS_UNIT_gkls621', 'REQUIREMENT_COMBAT_RESULTS_UNIT_DIED'),
('PASPALE_PLOT_HAS_ROCK_BAND_gkls621', 'REQUIREMENT_PLOT_UNIT_TYPE_MATCHES'),
('PASPALE_CITY_HAS_AERODROME_gkls621', 'REQUIREMENT_CITY_HAS_DISTRICT'),
('PASPALE_AOE_ENEMY_gkls621', 'REQUIREMENT_PLOT_ADJACENT_TO_OWNER_AT_WAR');

INSERT INTO Requirements (RequirementId, RequirementType)
SELECT DISTINCT
'PASPALE_SPEED_' || GreatPersonClassType || '_gkls621',
'REQUIREMENT_PLAYER_HAS_GREAT_PERSON_CLASS'
FROM GreatPersonClasses;

INSERT INTO RequirementArguments (RequirementId, Name, Value)
VALUES
('PASPALE_PLOT_ADJACENT_TO_OWNER_MEDIUM_gkls621', 'MaxDistance', 3),
('PASPALE_PLOT_ADJACENT_TO_OWNER_MEDIUM_gkls621', 'MinDistance', 0),
('PASPALE_PLOT_ADJACENT_TO_OWNER_LARGE_gkls621', 'MaxDistance', 6),
('PASPALE_PLOT_ADJACENT_TO_OWNER_LARGE_gkls621', 'MinDistance', 0),
('PASPALE_PLOT_ADJACENT_TO_OWNER_SMALL_gkls621', 'MaxDistance', 1),
('PASPALE_PLOT_ADJACENT_TO_OWNER_SMALL_gkls621', 'MinDistance', 0),
('PASPALE_UNIT_IS_IDOL_gkls621', 'GreatPersonClassType', 'GREAT_PERSON_CLASS_IDOL_gkls621'),
('PASPALE_COMBAT_KILLS_UNIT_gkls621', 'ExcludeBarbs',   0),
('PASPALE_PLOT_HAS_ROCK_BAND_gkls621', 'UnitType', 'UNIT_ROCK_BAND'),
('PASPALE_PLOT_HAS_ROCK_BAND_gkls621', 'LayerIndex', 3),
('PASPALE_CITY_HAS_AERODROME_gkls621', 'DistrictType', 'DISTRICT_AERODROME'),
('PASPALE_AOE_ENEMY_gkls621', 'MaxDistance', 3),
('PASPALE_AOE_ENEMY_gkls621', 'MinDistance', 0);

INSERT INTO RequirementArguments (RequirementId, Name, Value)
SELECT DISTINCT
'PASPALE_SPEED_' || GreatPersonClassType || '_gkls621',
'GreatPersonClass', GreatPersonClassType
FROM GreatPersonClasses;

-- Strings
INSERT INTO ModifierStrings
(ModifierId, Context, Text)
VALUES
-- Birth Modifiers
('IDOL_SAYURI_IDOL_THEATER_CULTURE_TO_SCIENCE_ATTACH_gkls621', 'Summary', 'LOC_IDOL_SAYURI_IDOL_THEATER_CULTURE_TO_SCIENCE_ATTACH_gkls621'),
('IDOL_SEIKO_CITY_HAPPY_GOLD_ATTACH_gkls621',                  'Summary', 'LOC_IDOL_SEIKO_CITY_HAPPY_GOLD_ATTACH_gkls621'),
('IDOL_MARI_DISTRICTS_EXTRA_RANGE_ATTACH_gkls621',             'Summary', 'LOC_IDOL_MARI_DISTRICTS_EXTRA_RANGE_ATTACH_gkls621'),
('IDOL_YUKIKO_COMBAT_STRENGTH_gkls621',                        'Summary', 'LOC_IDOL_YUKIKO_COMBAT_STRENGTH_gkls621'),
('IDOL_MEGUMI_EXTRA_ROCK_BAND_ATTACH_gkls621',                 'Summary', 'LOC_IDOL_MEGUMI_EXTRA_ROCK_BAND_ATTACH_gkls621'),
('IDOL_765AS_CITIES_IDENTITY_PRESSURE_ATTACH_gkls621',         'Summary', 'LOC_IDOL_765AS_CITIES_IDENTITY_PRESSURE_ATTACH_gkls621'),
('IDOL_PASPALE_CITIES_PRODUCTION_gkls621',                     'Summary', 'LOC_IDOL_PASPALE_CITIES_PRODUCTION_gkls621'),
-- Action Modifiers
('IDOL_MOMOE_IDOL_EXTRA_CHARGE_gkls621',                               'Summary',  'LOC_IDOL_MOMOE_IDOL_EXTRA_CHARGE_gkls621'),
('IDOL_PLADY_FOREIGN_CONTINENT_CITIES_YIELD_gkls621',                   'Summary', 'LOC_IDOL_PLADY_FOREIGN_CONTINENT_CITIES_YIELD_gkls621'), 
('IDOL_SEIKO_COAST_PRODUCTION_gkls621',                                 'Summary', 'LOC_IDOL_SEIKO_COAST_PRODUCTION_gkls621'),
('IDOL_AKINA_ALL_PROJECTS_PRODUCTION_gkls621',                          'Summary', 'LOC_IDOL_AKINA_ALL_PROJECTS_PRODUCTION_gkls621'),
('IDOL_NORIKO_OFFENSIVE_SPY_SCIENCE_gkls621',                           'Summary', 'LOC_IDOL_NORIKO_OFFENSIVE_SPY_SCIENCE_gkls621'),
('IDOL_YUKIKO_UNITS_PROPERTY_STRENGTH_gkls621',                         'Summary', 'LOC_IDOL_YUKIKO_UNITS_PROPERTY_STRENGTH_gkls621'),
('IDOL_MEGUMI_CITIES_ROCK_BAND_AMENITY_gkls621',                        'Summary', 'LOC_IDOL_MEGUMI_CITIES_ROCK_BAND_AMENITY_gkls621'),
('IDOL_MORNING_FAITH_FROM_HARVEST_gkls621',                             'Summary', 'LOC_IDOL_MORNING_FAITH_FROM_HARVEST_gkls621'),
('IDOL_AKB48_CITIES_GOLD_POPULATION_BASE_gkls621',                      'Summary', 'LOC_IDOL_AKB48_CITIES_GOLD_POPULATION_BASE_gkls621'),
('IDOL_CLOVERZ_TOURISM_BOMB_FARM_ABILITY_gkls621',                      'Summary', 'LOC_IDOL_CLOVERZ_TOURISM_BOMB_FARM_ABILITY_gkls621'),
('IDOL_765AS_CITIES_ALLOW_PURCHASE_DISTRICTS_FULL_LOYALTY_gkls621',     'Summary', 'LOC_IDOL_765AS_CITIES_ALLOW_PURCHASE_DISTRICTS_FULL_LOYALTY_gkls621'),
('IDOL_MUS_KILL_ENEMY_UNITS_gkls621',                                   'Summary', 'LOC_IDOL_MUS_KILL_ENEMY_UNITS_gkls621'),
('IDOL_PASPALE_CITIES_UNLIMITED_DISTRICTS_FULL_LOYALTY_gkls621',        'Summary', 'LOC_IDOL_PASPALE_CITIES_UNLIMITED_DISTRICTS_FULL_LOYALTY_gkls621'),
('IDOL_MARI_CITIES_GRANT_P51_WITH_AERODROME_gkls621',                   'Summary', 'LOC_IDOL_MARI_CITIES_GRANT_P51_WITH_AERODROME_gkls621'),
('IDOL_SAYURI_CITY_SCIENCE_PER_GREATWORKOBJECT_WRITING_gkls621',        'Summary', 'LOC_IDOL_SAYURI_CITY_SCIENCE_PER_GREATWORKOBJECT_WRITING_gkls621'),
('IDOL_SPEED_GREAT_PERSON_CLASS_GENERAL_IDOL_THEATER_SCIENCE_gkls621',  'Summary', 'LOC_IDOL_SPEED_GREAT_PERSON_CLASS_GENERAL_IDOL_THEATER_SCIENCE_gkls621'),
('ABILITY_IDOL_YUKIKO_PROPERTY_STRENGTH_gkls621',                       'Preview', 'LOC_ABILITY_IDOL_YUKIKO_PROPERTY_STRENGTH_gkls621_PREVIEW');