-- Eve's Agenda
INSERT INTO Types
(Type,	Kind)
VALUES
('TRAIT_AGENDA_EVE_gkls621',		'KIND_TRAIT');

INSERT INTO Traits
(TraitType)
VALUES
('TRAIT_AGENDA_EVE_gkls621');

INSERT INTO Agendas
(AgendaType,	Name,	Description)
VALUES
('AGENDA_EVE_gkls621',	'LOC_AGENDA_EVE_gkls621_NAME',	'LOC_AGENDA_EVE_gkls621_DESCRIPTION');

INSERT INTO HistoricalAgendas
(LeaderType,	AgendaType)
VALUES
('LEADER_EVE_gkls621',	'AGENDA_EVE_gkls621');

INSERT INTO ExclusiveAgendas
(AgendaOne,	AgendaTwo)
VALUES
('AGENDA_EVE_gkls621',	'AGENDA_DARWINIST'),
('AGENDA_EVE_gkls621',	'AGENDA_STANDING_ARMY'),
('AGENDA_EVE_gkls621',  'AGENDA_BARBARIAN_LOVER');

INSERT INTO AgendaPreferredLeaders
(AgendaType,	LeaderType,	PercentageChance)
VALUES
('AGENDA_CITY_STATE_PROTECTOR',    'LEADER_EVE_gkls621',	40),
('AGENDA_CULTURED',         'LEADER_EVE_gkls621',   40),
('AGENDA_DEVOUT',         'LEADER_EVE_gkls621',   50);

INSERT INTO AgendaTraits
(AgendaType,	TraitType)
VALUES
('AGENDA_EVE_gkls621',	'TRAIT_AGENDA_EVE_gkls621');

INSERT INTO TraitModifiers
(TraitType,	ModifierId)
VALUES
('TRAIT_AGENDA_EVE_gkls621', 'AGENDA_EVE_gkls621_HIGH_MILITARY_AT_PEACE'), 
('TRAIT_AGENDA_EVE_gkls621', 'AGENDA_EVE_gkls621_HIGH_MILITARY_AT_WAR');

INSERT INTO Modifiers
(ModifierId,	ModifierType,	SubjectRequirementSetId)
VALUES
('AGENDA_EVE_gkls621_HIGH_MILITARY_AT_PEACE',   'MODIFIER_PLAYER_DIPLOMACY_SIMPLE_MODIFIER',    'REQSET_PASPALE_PLAYER_HIGH_MILITARY_AT_PEACE_gkls621'),
('AGENDA_EVE_gkls621_HIGH_MILITARY_AT_WAR',	    'MODIFIER_PLAYER_DIPLOMACY_SIMPLE_MODIFIER',	'REQSET_PASPALE_PLAYER_HIGH_MILITARY_AT_WAR_gkls621');

INSERT INTO ModifierArguments
(ModifierId,	Name,	Value)
VALUES
('AGENDA_EVE_gkls621_HIGH_MILITARY_AT_PEACE',   'InitialValue',					8),
('AGENDA_EVE_gkls621_HIGH_MILITARY_AT_PEACE',   'StatementKey',					'LOC_DIPLO_KUDO_LEADER_EVE_gkls621_AGENDA_HIGH_MILITARY_AT_PEACE'),
('AGENDA_EVE_gkls621_HIGH_MILITARY_AT_PEACE',   'SimpleModifierDescription',    'LOC_DIPLO_MODIFIER_DESCRIPTION_EVE_gkls621_AGENDA_HIGH_MILITARY_AT_PEACE'),
('AGENDA_EVE_gkls621_HIGH_MILITARY_AT_WAR',		'InitialValue',					-2),
('AGENDA_EVE_gkls621_HIGH_MILITARY_AT_WAR',		'StatementKey',					'LOC_DIPLO_WARNING_LEADER_EVE_gkls621_AGENDA_HIGH_MILITARY_AT_WAR'),
('AGENDA_EVE_gkls621_HIGH_MILITARY_AT_WAR',		'SimpleModifierDescription',	'LOC_DIPLO_MODIFIER_DESCRIPTION_EVE_gkls621_AGENDA_HIGH_MILITARY_AT_WAR');

INSERT INTO ModifierStrings
(ModifierId,	Context,	Text)
VALUES
('AGENDA_EVE_gkls621_HIGH_MILITARY_AT_PEACE',	'Sample',	'LOC_TOOLTIP_SAMPLE_DIPLOMACY_ALL'),
('AGENDA_EVE_gkls621_HIGH_MILITARY_AT_WAR',	'Sample',	'LOC_TOOLTIP_SAMPLE_DIPLOMACY_ALL');

INSERT INTO RequirementSets (RequirementSetId, RequirementSetType)
VALUES
('REQSET_PASPALE_PLAYER_HIGH_MILITARY_AT_PEACE_gkls621', 'REQUIREMENTSET_TEST_ALL'),
('REQSET_PASPALE_PLAYER_HIGH_MILITARY_AT_WAR_gkls621', 'REQUIREMENTSET_TEST_ALL');

INSERT INTO RequirementSetRequirements (RequirementSetId, RequirementId)
VALUES
('REQSET_PASPALE_PLAYER_HIGH_MILITARY_AT_PEACE_gkls621', 'REQUIRES_HAS_HIGH_STANDING_ARMY'),
('REQSET_PASPALE_PLAYER_HIGH_MILITARY_AT_PEACE_gkls621', 'REQUIRES_PLAYERS_HAVE_MET'),
('REQSET_PASPALE_PLAYER_HIGH_MILITARY_AT_PEACE_gkls621', 'REQUIRES_MAJOR_CIV_OPPONENT'),
('REQSET_PASPALE_PLAYER_HIGH_MILITARY_AT_PEACE_gkls621', 'REQUIRES_NOT_WARMONGER_SUBJECT'),
('REQSET_PASPALE_PLAYER_HIGH_MILITARY_AT_WAR_gkls621', 'REQUIRES_HAS_HIGH_STANDING_ARMY'),
('REQSET_PASPALE_PLAYER_HIGH_MILITARY_AT_WAR_gkls621', 'REQUIRES_PLAYERS_HAVE_MET'),
('REQSET_PASPALE_PLAYER_HIGH_MILITARY_AT_WAR_gkls621', 'REQUIRES_MAJOR_CIV_OPPONENT'),
('REQSET_PASPALE_PLAYER_HIGH_MILITARY_AT_WAR_gkls621', 'REQUIRES_WARMONGER_TRIGGER');