INSERT INTO Types
(Type,  Kind)
VALUES
('ABILITY_EVE_COMBAT_AGAINST_STRONG_UNITS_gkls621',  'KIND_ABILITY'),
('ABILITY_KENDO_CLUB_MOVEMENT_gkls621',  'KIND_ABILITY'),
('ABILITY_KENDO_CLUB_EXP_gkls621',  'KIND_ABILITY');

INSERT INTO TypeTags
(Type,  Tag)
VALUES
('ABILITY_EVE_COMBAT_AGAINST_STRONG_UNITS_gkls621',  'CLASS_ALL_COMBAT_UNITS'),
('ABILITY_KENDO_CLUB_MOVEMENT_gkls621', 'CLASS_MELEE'),
('ABILITY_KENDO_CLUB_MOVEMENT_gkls621', 'CLASS_RANGED'),
('ABILITY_KENDO_CLUB_EXP_gkls621', 'CLASS_MELEE'),
('ABILITY_KENDO_CLUB_EXP_gkls621', 'CLASS_RANGED');

INSERT INTO UnitAbilities
(UnitAbilityType,   Name,   Description,    Inactive)
VALUES
('ABILITY_EVE_COMBAT_AGAINST_STRONG_UNITS_gkls621',  'LOC_ABILITY_EVE_COMBAT_AGAINST_STRONG_UNITS_gkls621_NAME',
'LOC_ABILITY_EVE_COMBAT_AGAINST_STRONG_UNITS_gkls621_DESCRIPTION',   1),
('ABILITY_KENDO_CLUB_MOVEMENT_gkls621',  'LOC_ABILITY_KENDO_CLUB_MOVEMENT_gkls621_NAME',
'LOC_ABILITY_KENDO_CLUB_MOVEMENT_gkls621_DESCRIPTION',   1),
('ABILITY_KENDO_CLUB_EXP_gkls621',  'LOC_ABILITY_KENDO_CLUB_EXP_gkls621_NAME',
'LOC_ABILITY_KENDO_CLUB_EXP_gkls621_DESCRIPTION',   1);

INSERT INTO UnitAbilityModifiers
(UnitAbilityType,   ModifierId)
VALUES
('ABILITY_EVE_COMBAT_AGAINST_STRONG_UNITS_gkls621',  'EVE_COMBAT_AGAINST_STRONG_UNITS_gkls621'),
('ABILITY_KENDO_CLUB_MOVEMENT_gkls621',  'KENDO_CLUB_MOVEMENT_gkls621'),
('ABILITY_KENDO_CLUB_EXP_gkls621',  'KENDO_CLUB_EXP_gkls621');

INSERT INTO Modifiers
(ModifierId,    ModifierType,   SubjectRequirementSetId)
VALUES
('EVE_COMBAT_AGAINST_STRONG_UNITS_gkls621',    'MODIFIER_UNIT_ADJUST_COMBAT_STRENGTH', 'COMBAT_AGAINST_STRONGER_UNIT_REQUIREMENTS'),
('KENDO_CLUB_MOVEMENT_gkls621', 'MODIFIER_PLAYER_UNIT_ADJUST_MOVEMENT', NULL),
('KENDO_CLUB_EXP_gkls621', 'MODIFIER_PLAYER_UNIT_ADJUST_UNIT_EXPERIENCE_MODIFIER', NULL);

INSERT INTO ModifierArguments
(ModifierId,    Name,   Value)
VALUES
('EVE_COMBAT_AGAINST_STRONG_UNITS_gkls621', 'Amount',   6),
('KENDO_CLUB_MOVEMENT_gkls621', 'Amount',   2),
('KENDO_CLUB_EXP_gkls621',  'Amount',   50);

INSERT INTO ModifierStrings
(ModifierId,    Context,    Text)
VALUES
('EVE_COMBAT_AGAINST_STRONG_UNITS_gkls621', 'Preview',  'LOC_EVE_COMBAT_AGAINST_STRONG_UNITS_gkls621_DSECRIPTION');