-- Chisato's Agenda
INSERT INTO Types
(Type,	Kind)
VALUES
('TRAIT_AGENDA_CHISATO_gkls621',		'KIND_TRAIT');

INSERT INTO Traits
(TraitType)
VALUES
('TRAIT_AGENDA_CHISATO_gkls621');

INSERT INTO Agendas
(AgendaType,	Name,	Description)
VALUES
('AGENDA_CHISATO_gkls621',	'LOC_AGENDA_CHISATO_gkls621_NAME',	'LOC_AGENDA_CHISATO_gkls621_DESCRIPTION');

INSERT INTO HistoricalAgendas
(LeaderType,	AgendaType)
VALUES
('LEADER_CHISATO_gkls621',	'AGENDA_CHISATO_gkls621');

INSERT INTO ExclusiveAgendas
(AgendaOne,	AgendaTwo)
VALUES
('AGENDA_CHISATO_gkls621',	'AGENDA_BARBARIAN_LOVER'),
('AGENDA_CHISATO_gkls621',	'AGENDA_EXPANSIONIST');

INSERT INTO AgendaPreferredLeaders
(AgendaType,	LeaderType,	PercentageChance)
VALUES
('AGENDA_DEMAGOGUE',		'LEADER_CHISATO_gkls621',	40),
('AGENDA_CULTURED',             'LEADER_CHISATO_gkls621',   30);

INSERT INTO AgendaTraits
(AgendaType,	TraitType)
VALUES
('AGENDA_CHISATO_gkls621',	'TRAIT_AGENDA_CHISATO_gkls621');

INSERT INTO TraitModifiers
(TraitType,	ModifierId)
VALUES
('TRAIT_AGENDA_CHISATO_gkls621', 'AGENDA_CHISATO_gkls621_MANY_ALLIANCES'),
('TRAIT_AGENDA_CHISATO_gkls621', 'AGENDA_CHISATO_gkls621_FEW_ALLIANCES');

INSERT INTO Modifiers
(ModifierId,	ModifierType,	SubjectRequirementSetId)
VALUES
('AGENDA_CHISATO_gkls621_MANY_ALLIANCES',   'MODIFIER_PLAYER_DIPLOMACY_SIMPLE_MODIFIER',    'PLAYER_HAS_MANY_ALLIANCES'),
('AGENDA_CHISATO_gkls621_FEW_ALLIANCES',    'MODIFIER_PLAYER_DIPLOMACY_SIMPLE_MODIFIER',    'PLAYER_HAS_FEW_ALLIANCES');

INSERT INTO ModifierArguments
(ModifierId,	Name,	Value)
VALUES
('AGENDA_CHISATO_gkls621_MANY_ALLIANCES',   'InitialValue',					7),
('AGENDA_CHISATO_gkls621_MANY_ALLIANCES',   'StatementKey',					'LOC_DIPLO_KUDO_LEADER_CHISATO_gkls621_AGENDA_MANY_ALLIANCES'),
('AGENDA_CHISATO_gkls621_MANY_ALLIANCES',   'SimpleModifierDescription',	'LOC_DIPLO_MODIFIER_DESCRIPTION_CHISATO_gkls621_AGENDA_MANY_ALLIANCES'),
('AGENDA_CHISATO_gkls621_FEW_ALLIANCES',    'InitialValue',					-3),
('AGENDA_CHISATO_gkls621_FEW_ALLIANCES',    'StatementKey',					'LOC_DIPLO_WARNING_LEADER_CHISATO_gkls621_AGENDA_FEW_ALLIANCES'),
('AGENDA_CHISATO_gkls621_FEW_ALLIANCES',    'SimpleModifierDescription',	'LOC_DIPLO_MODIFIER_DESCRIPTION_CHISATO_gkls621_AGENDA_FEW_ALLIANCES');

INSERT INTO ModifierStrings
(ModifierId,	Context,	Text)
VALUES
('AGENDA_CHISATO_gkls621_MANY_ALLIANCES',	'Sample',	'LOC_TOOLTIP_SAMPLE_DIPLOMACY_ALL'),
('AGENDA_CHISATO_gkls621_FEW_ALLIANCES',    'Sample',	'LOC_TOOLTIP_SAMPLE_DIPLOMACY_ALL');