-- Chisato Traits
INSERT INTO Types
(Type,  Kind)
VALUES
('TRAIT_LEADER_CHISATO_gkls621', 'KIND_TRAIT'),
('MODIFIER_PASPALE_PLAYER_ADJUST_ROCK_BAND_UNIT_ALBUM_SALES_gkls621', 'KIND_MODIFIER');

INSERT INTO DynamicModifiers (ModifierType, EffectType, CollectionType)
VALUES
('MODIFIER_PASPALE_PLAYER_ADJUST_ROCK_BAND_UNIT_ALBUM_SALES_gkls621', 'EFFECT_ADJUST_PLAYER_ROCK_BAND_UNIT_ALBUM_SALES', 'COLLECTION_OWNER');

INSERT INTO Traits
(TraitType,                     Name,                                   Description)
VALUES
('TRAIT_LEADER_CHISATO_gkls621', 'LOC_TRAIT_LEADER_CHISATO_gkls621_NAME', 'LOC_TRAIT_LEADER_CHISATO_gkls621_DESCRIPTION');

INSERT INTO LeaderTraits
(LeaderType,                TraitType)
VALUES
('LEADER_CHISATO_gkls621',   'TRAIT_LEADER_CHISATO_gkls621'),
('LEADER_CHISATO_gkls621',   'TRAIT_DISTRICT_CHILDSTAR_GUILD_gkls621');

INSERT INTO TraitModifiers
(TraitType, ModifierId)
VALUES
('TRAIT_LEADER_CHISATO_gkls621',    'CHISATO_DARK_AGE_FULL_LOYALTY_gkls621'),
--('TRAIT_LEADER_CHISATO_gkls621',    'CHISATO_NO_SURPRISE_WAR_ON_PASPALE_gkls621'), 
--('TRAIT_LEADER_CHISATO_gkls621',    'CHISATO_EXTRA_ERA_SCORE_BASE_gkls621'),
--('TRAIT_LEADER_CHISATO_gkls621',    'CHISATO_EXTRA_ERA_SCORE_DARK_AGE_gkls621'),
('TRAIT_LEADER_CHISATO_gkls621',    'CHISATO_DISTRICTS_TOURISM_ALLIANCE_LEVEL1_gkls621'),
('TRAIT_LEADER_CHISATO_gkls621',    'CHISATO_DISTRICTS_TOURISM_ALLIANCE_LEVEL2_gkls621'),
('TRAIT_LEADER_CHISATO_gkls621',    'CHISATO_DISTRICTS_TOURISM_ALLIANCE_LEVEL3_gkls621'),
('TRAIT_LEADER_CHISATO_gkls621',    'CHISATO_DIPLOMATIC_SLOT_ALLIANCE_LEVEL1_gkls621'),
('TRAIT_LEADER_CHISATO_gkls621',    'CHISATO_DIPLOMATIC_SLOT_ALLIANCE_LEVEL2_gkls621'),
('TRAIT_LEADER_CHISATO_gkls621',    'CHISATO_DIPLOMATIC_SLOT_ALLIANCE_LEVEL3_gkls621'),
('TRAIT_LEADER_CHISATO_gkls621',    'CHISATO_DIPLOMATIC_SLOT_ALLIANCE_LEVEL3_EXTRA1_gkls621'),
('TRAIT_LEADER_CHISATO_gkls621',    'CHISATO_DIPLOMATIC_SLOT_ALLIANCE_LEVEL3_EXTRA2_gkls621'),
('TRAIT_LEADER_MAJOR_CIV',          'CHISATO_EVERYONE_KUDO_gkls621');

INSERT INTO TraitModifiers
(TraitType,    ModifierId)
SELECT
'TRAIT_LEADER_CHISATO_gkls621', 
'CHISATO_PLAYERS_' || DiplomaticActionType || '_EARLY_UNLOCK_ATTACH_gkls621'
FROM DiplomaticActions WHERE DiplomaticActionType LIKE 'DIPLOACTION%ALLIANCE%';

INSERT INTO GovernmentModifiers
(GovernmentType,    ModifierId)
VALUES
('GOVERNMENT_COMMUNISM',    'CHISATO_COMMUNISM_ALBUM_SALES_BONUS_gkls621');

INSERT INTO Modifiers
(ModifierId,    ModifierType,   SubjectRequirementSetId)
VALUES 
('CHISATO_DARK_AGE_FULL_LOYALTY_gkls621',   'MODIFIER_PLAYER_CITIES_ADJUST_ALWAYS_LOYAL', 'PLAYER_HAS_DARK_AGE'),
('CHISATO_NO_SURPRISE_WAR_ON_PASPALE_gkls621',   'MODIFIER_PLAYER_ADJUST_BANNED_DIPLOMATIC_ACTION_SPECIFIC_CIVILIZATION', NULL),
--('CHISATO_EXTRA_ERA_SCORE_BASE_gkls621',   'MODIFIER_PLAYER_ADJUST_PLAYER_ERA_SCORE_PER_PRIDE_MOMENT', NULL),
--('CHISATO_EXTRA_ERA_SCORE_DARK_AGE_gkls621',   'MODIFIER_PLAYER_ADJUST_PLAYER_ERA_SCORE_PER_PRIDE_MOMENT', 'PLAYER_HAS_DARK_AGE'),
('CHISATO_DISTRICTS_TOURISM_ALLIANCE_LEVEL1_gkls621',    'MODIFIER_PLAYER_DISTRICTS_ADJUST_TOURISM_CHANGE', 'REQSET_PASPALE_LEVEL1_ALLIANCE_ACTIVE_gkls621'),
('CHISATO_DISTRICTS_TOURISM_ALLIANCE_LEVEL2_gkls621',    'MODIFIER_PLAYER_DISTRICTS_ADJUST_TOURISM_CHANGE', 'REQSET_PASPALE_LEVEL2_ALLIANCE_ACTIVE_gkls621'),
('CHISATO_DISTRICTS_TOURISM_ALLIANCE_LEVEL3_gkls621',    'MODIFIER_PLAYER_DISTRICTS_ADJUST_TOURISM_CHANGE', 'REQSET_PASPALE_LEVEL3_ALLIANCE_ACTIVE_gkls621'),
('CHISATO_DIPLOMATIC_SLOT_ALLIANCE_LEVEL1_gkls621',      'MODIFIER_PLAYER_CULTURE_ADJUST_GOVERNMENT_SLOTS_MODIFIER',    'REQSET_PASPALE_LEVEL1_ALLIANCE_ACTIVE_gkls621'),
('CHISATO_DIPLOMATIC_SLOT_ALLIANCE_LEVEL2_gkls621',      'MODIFIER_PLAYER_CULTURE_ADJUST_GOVERNMENT_SLOTS_MODIFIER',    'REQSET_PASPALE_LEVEL2_ALLIANCE_ACTIVE_gkls621'),
('CHISATO_DIPLOMATIC_SLOT_ALLIANCE_LEVEL3_gkls621',      'MODIFIER_PLAYER_CULTURE_ADJUST_GOVERNMENT_SLOTS_MODIFIER',    'REQSET_PASPALE_LEVEL3_ALLIANCE_ACTIVE_gkls621'),
('CHISATO_DIPLOMATIC_SLOT_ALLIANCE_LEVEL3_EXTRA1_gkls621', 'MODIFIER_PLAYER_CULTURE_ADJUST_GOVERNMENT_SLOTS_MODIFIER',    'REQSET_PASPALE_LEVEL3_ALLIANCE_ACTIVE_gkls621'),
('CHISATO_DIPLOMATIC_SLOT_ALLIANCE_LEVEL3_EXTRA2_gkls621', 'MODIFIER_PLAYER_CULTURE_ADJUST_GOVERNMENT_SLOTS_MODIFIER',    'REQSET_PASPALE_LEVEL3_ALLIANCE_ACTIVE_gkls621'),
('CHISATO_COMMUNISM_ALBUM_SALES_BONUS_gkls621', 'MODIFIER_PASPALE_PLAYER_ADJUST_ROCK_BAND_UNIT_ALBUM_SALES_gkls621',    'REQSET_PASPALE_PLAYER_IS_CHISATO_gkls621'),
('CHISATO_EVERYONE_KUDO_gkls621',               'MODIFIER_PLAYER_DIPLOMACY_SIMPLE_MODIFIER',    'REQSET_PASPALE_PLAYER_IS_CHISATO_gkls621');

INSERT INTO Modifiers
(ModifierId,    ModifierType)
SELECT
'CHISATO_PLAYERS_' || DiplomaticActionType || '_EARLY_UNLOCK_ATTACH_gkls621',
'MODIFIER_ALL_PLAYERS_ATTACH_MODIFIER'
FROM DiplomaticActions WHERE DiplomaticActionType LIKE 'DIPLOACTION%ALLIANCE%';

INSERT INTO Modifiers
(ModifierId,    ModifierType)
SELECT
'CHISATO_' || DiplomaticActionType || '_EARLY_UNLOCK_gkls621',
'MODIFIER_PLAYER_ADD_DIPLOMATIC_ACTION_OVERRIDE'
FROM DiplomaticActions WHERE DiplomaticActionType LIKE 'DIPLOACTION%ALLIANCE%';

/*INSERT INTO Modifiers -- After all, we're designing CHISATO's LA instead of Uesaka Sumire's! A little Easter Egg is ENOUGH.
(ModifierId,    ModifierType,   OwnerRequirementSetId,  SubjectRequirementSetId)
VALUES
'CHISATO_COMMUNISM_' || ModifierId || '_gkls621',
ModifierType,   OwnerRequirementSetId, 'REQSET_PASPALE_PLAYER_IS_CHISATO_gkls621'
FROM TraitModifiers
WHERE TraitType = 'TRAIT_CIVILIZATION_MOTHER_RUSSIA' AND SubjectRequirementSetId IS NULL;

INSERT INTO Modifiers
(ModifierId,    ModifierType,   OwnerRequirementSetId,  SubjectRequirementSetId)
VALUES
'CHISATO_COMMUNISM_' || ModifierId || '_gkls621',
ModifierType,   OwnerRequirementSetId, 'REQSET_PASPALE_' || SubjectRequirementSetId || '_PLAYER_IS_CHISATO_gkls621'
FROM TraitModifiers
WHERE TraitType = 'TRAIT_CIVILIZATION_MOTHER_RUSSIA' AND SubjectRequirementSetId IS NOT NULL;*/

INSERT INTO ModifierArguments
(ModifierId,    Name,   Value)
VALUES
('CHISATO_DARK_AGE_FULL_LOYALTY_gkls621',   'AlwaysLoyal',  1),
('CHISATO_NO_SURPRISE_WAR_ON_PASPALE_gkls621', 'CivilizationType', 'CIVILIZATION_PASPALE_gkls621'),
('CHISATO_NO_SURPRISE_WAR_ON_PASPALE_gkls621', 'DiplomaticActionType', 'DIPLOACTION_DECLARE_SURPRISE_WAR'),
--('CHISATO_EXTRA_ERA_SCORE_BASE_gkls621',    'Amount',   1),
--('CHISATO_EXTRA_ERA_SCORE_BASE_gkls621',    'MinScore',   2),
--('CHISATO_EXTRA_ERA_SCORE_DARK_AGE_gkls621',    'Amount',   1),
--('CHISATO_EXTRA_ERA_SCORE_DARK_AGE_gkls621',    'MinScore',   1),
('CHISATO_DISTRICTS_TOURISM_ALLIANCE_LEVEL1_gkls621',   'Amount',   2),
('CHISATO_DISTRICTS_TOURISM_ALLIANCE_LEVEL2_gkls621',   'Amount',   2),
('CHISATO_DISTRICTS_TOURISM_ALLIANCE_LEVEL3_gkls621',   'Amount',   5),
('CHISATO_DIPLOMATIC_SLOT_ALLIANCE_LEVEL1_gkls621', 'GovernmentSlotType',   'SLOT_DIPLOMATIC'),
('CHISATO_DIPLOMATIC_SLOT_ALLIANCE_LEVEL2_gkls621', 'GovernmentSlotType',   'SLOT_DIPLOMATIC'),
('CHISATO_DIPLOMATIC_SLOT_ALLIANCE_LEVEL3_gkls621', 'GovernmentSlotType',   'SLOT_DIPLOMATIC'),
('CHISATO_DIPLOMATIC_SLOT_ALLIANCE_LEVEL3_EXTRA1_gkls621', 'GovernmentSlotType',   'SLOT_DIPLOMATIC'),
('CHISATO_DIPLOMATIC_SLOT_ALLIANCE_LEVEL3_EXTRA2_gkls621', 'GovernmentSlotType',   'SLOT_DIPLOMATIC'),
('CHISATO_COMMUNISM_ALBUM_SALES_BONUS_gkls621', 'Amount', 50),
('CHISATO_EVERYONE_KUDO_gkls621',	'InitialValue',					30),
('CHISATO_EVERYONE_KUDO_gkls621',	'StatementKey',					'LOC_DIPLO_CHISATO_EVERYONE_KUDO_gkls621'),
('CHISATO_EVERYONE_KUDO_gkls621',	'SimpleModifierDescription',	'LOC_DIPLO_MODIFIER_CHISATO_EVERYONE_KUDO_gkls621');

INSERT INTO ModifierArguments
(ModifierId,    Name,   Value)
SELECT
'CHISATO_PLAYERS_' || DiplomaticActionType || '_EARLY_UNLOCK_ATTACH_gkls621',
'ModifierId', 'CHISATO_' || DiplomaticActionType || '_EARLY_UNLOCK_gkls621'
FROM DiplomaticActions WHERE DiplomaticActionType LIKE 'DIPLOACTION%ALLIANCE%';

INSERT INTO ModifierArguments
(ModifierId,    Name,   Value)
SELECT
'CHISATO_' || DiplomaticActionType || '_EARLY_UNLOCK_gkls621',
'CivicType', 'CIVIC_DRAMA_POETRY'
FROM DiplomaticActions WHERE DiplomaticActionType LIKE 'DIPLOACTION%ALLIANCE%';

INSERT INTO ModifierArguments
(ModifierId,    Name,   Value)
SELECT
'CHISATO_' || DiplomaticActionType || '_EARLY_UNLOCK_gkls621',
'DiplomaticAction', DiplomaticActionType
FROM DiplomaticActions WHERE DiplomaticActionType LIKE 'DIPLOACTION%ALLIANCE%';

/*INSERT INTO ModifierArguments
(ModifierId,    Name,   Value)
SELECT
'CHISATO_COMMUNISM_' || ModifierId || '_gkls621',
Name, Value
FROM TraitModifiers
WHERE TraitType = 'TRAIT_CIVILIZATION_MOTHER_RUSSIA';*/

INSERT INTO RequirementSets(RequirementSetId,   RequirementSetType)
VALUES
('REQSET_PASPALE_PLAYER_IS_CHISATO_gkls621',    'REQUIREMENTSET_TEST_ALL'),
('REQSET_PASPALE_LEVEL1_ALLIANCE_ACTIVE_gkls621',    'REQUIREMENTSET_TEST_ALL'),
('REQSET_PASPALE_LEVEL2_ALLIANCE_ACTIVE_gkls621',    'REQUIREMENTSET_TEST_ALL'),
('REQSET_PASPALE_LEVEL3_ALLIANCE_ACTIVE_gkls621',    'REQUIREMENTSET_TEST_ALL');

INSERT INTO RequirementSetRequirements (RequirementSetId, RequirementId)
VALUES
('REQSET_PASPALE_PLAYER_IS_CHISATO_gkls621',    'PASPALE_PLAYER_IS_CHISATO_gkls621'),
('REQSET_PASPALE_LEVEL1_ALLIANCE_ACTIVE_gkls621',    'REQUIRES_PLAYER_IS_ALLY_LEVEL_1'),
('REQSET_PASPALE_LEVEL2_ALLIANCE_ACTIVE_gkls621',    'REQUIRES_PLAYER_IS_ALLY_LEVEL_2'),
('REQSET_PASPALE_LEVEL3_ALLIANCE_ACTIVE_gkls621',    'REQUIRES_PLAYER_IS_ALLY_LEVEL_3');

INSERT INTO Requirements (RequirementId, RequirementType)
VALUES
('PASPALE_PLAYER_IS_CHISATO_gkls621',   'REQUIREMENT_PLAYER_LEADER_TYPE_MATCHES');

INSERT INTO RequirementArguments (RequirementId, Name, Value)
VALUES
('PASPALE_PLAYER_IS_CHISATO_gkls621',   'LeaderType', 'LEADER_CHISATO_gkls621');

INSERT INTO ModifierStrings
(ModifierId, Context, Text)
VALUES
('CHISATO_EVERYONE_KUDO_gkls621',    'Sample',	'LOC_TOOLTIP_SAMPLE_DIPLOMACY_ALL');