-- Chisato's Unique District
INSERT INTO Types
(Type,  Kind)
VALUES
('DISTRICT_CHILDSTAR_GUILD_gkls621',    'KIND_DISTRICT'),
('TRAIT_DISTRICT_CHILDSTAR_GUILD_gkls621',  'KIND_TRAIT'),
('MODIFIER_PASPALE_PLAYER_DISTRICT_ADJUST_YIELD_MODIFIER_gkls621', 'KIND_MODIFIER');

INSERT INTO DynamicModifiers (ModifierType, EffectType, CollectionType)
VALUES
('MODIFIER_PASPALE_PLAYER_DISTRICT_ADJUST_YIELD_MODIFIER_gkls621', 'EFFECT_ADJUST_DISTRICT_YIELD_MODIFIER', 'COLLECTION_OWNER');

INSERT INTO Traits
(TraitType, Name,   Description)
VALUES
('TRAIT_DISTRICT_CHILDSTAR_GUILD_gkls621',  'LOC_DISTRICT_CHILDSTAR_GUILD_gkls621_NAME',    'LOC_DISTRICT_CHILDSTAR_GUILD_gkls621_DESCRIPTION');

INSERT INTO DistrictReplaces
(CivUniqueDistrictType, ReplacesDistrictType)
VALUES
('DISTRICT_CHILDSTAR_GUILD_gkls621',    'DISTRICT_COMMERCIAL_HUB');

INSERT INTO Districts 
(   DistrictType,
    Name,
    PrereqTech,
    PrereqCivic,
    Coast,
    Description,
    Cost,
    RequiresPlacement,
    RequiresPopulation,
    NoAdjacentCity,
    CityCenter,
    Aqueduct,
    InternalOnly,
    ZOC,
    FreeEmbark,
    HitPoints,
    CaptureRemovesBuildings,
    CaptureRemovesCityDefenses,
    PlunderType,
    PlunderAmount,
    TradeEmbark,
    MilitaryDomain,
    CostProgressionModel,
    CostProgressionParam1,
    TraitType,
    Appeal,
    Housing,
    Entertainment,
    OnePerCity,
    AllowsHolyCity,
    Maintenance,
    AirSlots,
    CitizenSlots,
    TravelTime,
    CityStrengthModifier,
    AdjacentToLand,
    CanAttack,
    AdvisorType,
    CaptureRemovesDistrict,
    MaxPerPlayer
)SELECT
    'DISTRICT_CHILDSTAR_GUILD_gkls621',
    'LOC_DISTRICT_CHILDSTAR_GUILD_gkls621_NAME',
    NULL,
    'CIVIC_DRAMA_POETRY',
    Coast,
    'LOC_DISTRICT_CHILDSTAR_GUILD_gkls621_DESCRIPTION',
    Cost *0.5,
    RequiresPlacement,
    RequiresPopulation,
    NoAdjacentCity,
    CityCenter,
    Aqueduct,
    InternalOnly,
    ZOC,
    FreeEmbark,
    HitPoints,
    CaptureRemovesBuildings,
    CaptureRemovesCityDefenses,
    PlunderType,
    PlunderAmount,
    TradeEmbark,
    MilitaryDomain,
    CostProgressionModel,
    CostProgressionParam1 *0.5,
    'TRAIT_DISTRICT_CHILDSTAR_GUILD_gkls621',
    1,
    Housing,
    1,
    OnePerCity,
    AllowsHolyCity,
    Maintenance,
    AirSlots,
    2,
    TravelTime,
    CityStrengthModifier,
    AdjacentToLand,
    CanAttack,
    AdvisorType,
    CaptureRemovesDistrict,
    MaxPerPlayer
FROM Districts WHERE DistrictType = 'DISTRICT_COMMERCIAL_HUB';

INSERT INTO District_GreatPersonPoints
(DistrictType,  GreatPersonClassType,   PointsPerTurn)
SELECT DISTINCT 'DISTRICT_CHILDSTAR_GUILD_gkls621',  GreatPersonClassType,   PointsPerTurn
FROM District_GreatPersonPoints WHERE DistrictType = 'DISTRICT_COMMERCIAL_HUB' OR DistrictType = 'DISTRICT_ENTERTAINMENT_COMPLEX';

INSERT OR IGNORE INTO District_GreatPersonPoints
(DistrictType,  GreatPersonClassType,   PointsPerTurn)
VALUES
('DISTRICT_CHILDSTAR_GUILD_gkls621',   'GREAT_PERSON_CLASS_IDOL_gkls621',  2);

INSERT INTO District_TradeRouteYields
(DistrictType,  YieldType,  YieldChangeAsOrigin,    YieldChangeAsDomesticDestination,   YieldChangeAsInternationalDestination)
VALUES
('DISTRICT_CHILDSTAR_GUILD_gkls621',  'YIELD_GOLD',
1,  1,   2),
('DISTRICT_CHILDSTAR_GUILD_gkls621',  'YIELD_CULTURE',
1,  1,   0);

INSERT INTO District_CitizenYieldChanges
(DistrictType,  YieldType,  YieldChange)
SELECT
'DISTRICT_CHILDSTAR_GUILD_gkls621', YieldType, YieldChange
FROM District_CitizenYieldChanges WHERE DistrictType = 'DISTRICT_COMMERCIAL_HUB';

INSERT INTO District_CitizenYieldChanges
(DistrictType,  YieldType,  YieldChange)
VALUES
('DISTRICT_CHILDSTAR_GUILD_gkls621',    'YIELD_CULTURE',    1);

INSERT INTO District_Adjacencies
(DistrictType,  YieldChangeId)
VALUES
('DISTRICT_CHILDSTAR_GUILD_gkls621', 'CHILDSTAR_GUILD_LUXURY_CULTURE_gkls621'),
('DISTRICT_CHILDSTAR_GUILD_gkls621', 'CHILDSTAR_GUILD_BONUS_CULTURE_gkls621'),
('DISTRICT_CHILDSTAR_GUILD_gkls621', 'Wonder_Culture'),
('DISTRICT_CHILDSTAR_GUILD_gkls621', 'District_Culture_Standard'),
('DISTRICT_CHILDSTAR_GUILD_gkls621', 'District_Culture_City_Center'),
('DISTRICT_CHILDSTAR_GUILD_gkls621', 'CHILDSTAR_GUILD_ENTERTAINMENT_CULTURE_gkls621'),
('DISTRICT_CHILDSTAR_GUILD_gkls621', 'CHILDSTAR_GUILD_WATER_ENTERTAINMENT_CULTURE_gkls621'),
--('DISTRICT_CHILDSTAR_GUILD_gkls621', 'CHILDSTAR_GUILD_DISTRICT_CULTURE_gkls621'),
('DISTRICT_CHILDSTAR_GUILD_gkls621', 'CHILDSTAR_GUILD_IDOL_THEATER_CULTURE_gkls621'),
('DISTRICT_IDOL_THEATER_gkls621', 'IDOL_THEATER_CHILDSTAR_GUILD_CULTURE_gkls621');

INSERT INTO Adjacency_YieldChanges
(ID,    Description,    YieldType,  YieldChange,    TilesRequired,  AdjacentResourceClass)
VALUES
('CHILDSTAR_GUILD_LUXURY_CULTURE_gkls621',
'LOC_CHILDSTAR_GUILD_LUXURY_CULTURE_gkls621_DESCRIPTION', 'YIELD_CULTURE', 2,
1, 'RESOURCECLASS_LUXURY'),
('CHILDSTAR_GUILD_BONUS_CULTURE_gkls621',
'LOC_CHILDSTAR_GUILD_BONUS_CULTURE_gkls621_DESCRIPTION', 'YIELD_CULTURE', 1,
1, 'RESOURCECLASS_BONUS');

/*INSERT INTO Adjacency_YieldChanges
(ID,    Description,    YieldType,  YieldChange,    TilesRequired,  OtherDistrictAdjacent)
VALUES
('CHILDSTAR_GUILD_DISTRICT_CULTURE_gkls621',
'LOC_CHILDSTAR_GUILD_DISTRICT_CULTURE_gkls621_DESCRIPTION', 'YIELD_CULTURE', 2,
1, 1);*/

INSERT INTO Adjacency_YieldChanges
(ID,    Description,    YieldType,  YieldChange,    TilesRequired,  AdjacentDistrict)
VALUES
('CHILDSTAR_GUILD_ENTERTAINMENT_CULTURE_gkls621',
'LOC_CHILDSTAR_GUILD_ENTERTAINMENT_CULTURE_gkls621_DESCRIPTION', 'YIELD_CULTURE', 2,
1, 'DISTRICT_ENTERTAINMENT_COMPLEX'),
('CHILDSTAR_GUILD_WATER_ENTERTAINMENT_CULTURE_gkls621',
'LOC_CHILDSTAR_GUILD_WATER_ENTERTAINMENT_CULTURE_gkls621_DESCRIPTION', 'YIELD_CULTURE', 2,
1, 'DISTRICT_WATER_ENTERTAINMENT_COMPLEX'),
('CHILDSTAR_GUILD_IDOL_THEATER_CULTURE_gkls621',
'LOC_CHILDSTAR_GUILD_IDOL_THEATER_CULTURE_gkls621_DESCRIPTION', 'YIELD_CULTURE', 3,
1, 'DISTRICT_IDOL_THEATER_gkls621'),
('IDOL_THEATER_CHILDSTAR_GUILD_CULTURE_gkls621',
'LOC_IDOL_THEATER_CHILDSTAR_GUILD_CULTURE_gkls621_DESCRIPTION', 'YIELD_CULTURE', 3,
1, 'DISTRICT_CHILDSTAR_GUILD_gkls621');

INSERT INTO DistrictModifiers
(DistrictType,  ModifierId)
VALUES
('DISTRICT_CHILDSTAR_GUILD_gkls621',    'CHILDSTAR_GUILD_ALLIANCE_POINT_BASE_gkls621'),
('DISTRICT_CHILDSTAR_GUILD_gkls621',    'CHILDSTAR_GUILD_ALLIANCE_POINT_GOLDEN_AGE_gkls621'),
('DISTRICT_CHILDSTAR_GUILD_gkls621',    'CHILDSTAR_GUILD_YIELD_BONUS_gkls621'),
('DISTRICT_CHILDSTAR_GUILD_gkls621',    'CHILDSTAR_GUILD_YIELD_BONUS_LEVEL2_gkls621'),
('DISTRICT_CHILDSTAR_GUILD_gkls621',    'CHILDSTAR_GUILD_YIELD_BONUS_LEVEL3_gkls621'),
('DISTRICT_CHILDSTAR_GUILD_gkls621',    'CHILDSTAR_GUILD_GOLD_FINISH_BUILDINGS_gkls621');

INSERT INTO PolicyModifiers
(PolicyType,    ModifierId)
VALUES
('POLICY_CHARISMATIC_LEADER',   'CHILDSTAR_GUILD_CULTURE_gkls621'),
('POLICY_GUNBOAT_DIPLOMACY',   'CHILDSTAR_GUILD_CULTURE_gkls621'),
('POLICY_CHARISMATIC_LEADER',   'CHILDSTAR_GUILD_GOLD_gkls621'),
('POLICY_GUNBOAT_DIPLOMACY',   'CHILDSTAR_GUILD_GOLD_gkls621');

INSERT INTO Modifiers
(ModifierId,    ModifierType,   SubjectRequirementSetId)
VALUES
('CHILDSTAR_GUILD_ALLIANCE_POINT_BASE_gkls621',         'MODIFIER_PLAYER_ADJUST_ALLIANCE_POINTS',   NULL),
('CHILDSTAR_GUILD_ALLIANCE_POINT_GOLDEN_AGE_gkls621',   'MODIFIER_PLAYER_ADJUST_ALLIANCE_POINTS',   'PLAYER_HAS_GOLDEN_AGE'),
('CHILDSTAR_GUILD_GOLD_FINISH_BUILDINGS_gkls621',       'MODIFIER_SINGLE_CITY_GRANT_YIELD_PER_BUILDING_COST', 'PLAYER_HAS_GOLDEN_AGE'),
('CHILDSTAR_GUILD_YIELD_BONUS_gkls621',                 'MODIFIER_PASPALE_PLAYER_DISTRICT_ADJUST_YIELD_MODIFIER_gkls621', 'REQSET_PASPALE_CHILDSTAR_GUILD_YIELD_BONUS_gkls621'),
('CHILDSTAR_GUILD_YIELD_BONUS_LEVEL2_gkls621',          'MODIFIER_PASPALE_PLAYER_DISTRICT_ADJUST_YIELD_MODIFIER_gkls621', 'REQSET_PASPALE_CHILDSTAR_GUILD_YIELD_BONUS_LEVEL2_gkls621'),
('CHILDSTAR_GUILD_YIELD_BONUS_LEVEL3_gkls621',          'MODIFIER_PASPALE_PLAYER_DISTRICT_ADJUST_YIELD_MODIFIER_gkls621', 'REQSET_PASPALE_CHILDSTAR_GUILD_YIELD_BONUS_LEVEL3_gkls621'),
('CHILDSTAR_GUILD_CULTURE_gkls621',                     'MODIFIER_PLAYER_DISTRICTS_ADJUST_YIELD_MODIFIER',  'REQSET_PASPALE_DISTRICT_IS_CHILDSTAR_GUILD_gkls621'),
('CHILDSTAR_GUILD_GOLD_gkls621',                        'MODIFIER_PLAYER_DISTRICTS_ADJUST_YIELD_MODIFIER',  'REQSET_PASPALE_DISTRICT_IS_CHILDSTAR_GUILD_gkls621');

INSERT INTO ModifierArguments
(ModifierId,    Name,   Value)
VALUES
('CHILDSTAR_GUILD_ALLIANCE_POINT_BASE_gkls621', 'Amount',   2),
('CHILDSTAR_GUILD_ALLIANCE_POINT_GOLDEN_AGE_gkls621', 'Amount',   2),
('CHILDSTAR_GUILD_GOLD_FINISH_BUILDINGS_gkls621', 'BuildingProductionPercent', 150),
('CHILDSTAR_GUILD_GOLD_FINISH_BUILDINGS_gkls621', 'IncludeWonder', 1),
('CHILDSTAR_GUILD_GOLD_FINISH_BUILDINGS_gkls621', 'YieldType', 'YIELD_GOLD'),
('CHILDSTAR_GUILD_YIELD_BONUS_gkls621', 'Amount', 200),
('CHILDSTAR_GUILD_YIELD_BONUS_gkls621', 'YieldType', 'YIELD_CULTURE'),
('CHILDSTAR_GUILD_YIELD_BONUS_LEVEL2_gkls621', 'Amount', 200),
('CHILDSTAR_GUILD_YIELD_BONUS_LEVEL2_gkls621', 'YieldType', 'YIELD_CULTURE'),
('CHILDSTAR_GUILD_YIELD_BONUS_LEVEL3_gkls621', 'Amount', 200),
('CHILDSTAR_GUILD_YIELD_BONUS_LEVEL3_gkls621', 'YieldType', 'YIELD_CULTURE'),
('CHILDSTAR_GUILD_CULTURE_gkls621',  'YieldType',    'YIELD_CULTURE'),
('CHILDSTAR_GUILD_CULTURE_gkls621',  'Amount',    100),
('CHILDSTAR_GUILD_GOLD_gkls621',  'YieldType',    'YIELD_GOLD'),
('CHILDSTAR_GUILD_GOLD_gkls621',  'Amount',    100);

INSERT INTO RequirementSets (RequirementSetId, RequirementSetType)
VALUES
('REQSET_PASPALE_DISTRICT_IS_CHILDSTAR_GUILD_gkls621', 'REQUIREMENTSET_TEST_ALL'),
('REQSET_PASPALE_CHILDSTAR_GUILD_YIELD_BONUS_gkls621', 'REQUIREMENTSET_TEST_ANY'),
('REQSET_PASPALE_CHILDSTAR_GUILD_YIELD_BONUS_LEVEL2_gkls621', 'REQUIREMENTSET_TEST_ANY'),
('REQSET_PASPALE_CHILDSTAR_GUILD_YIELD_BONUS_LEVEL3_gkls621', 'REQUIREMENTSET_TEST_ANY');

INSERT INTO RequirementSetRequirements (RequirementSetId, RequirementId)
VALUES
('REQSET_PASPALE_DISTRICT_IS_CHILDSTAR_GUILD_gkls621', 'PASPALE_DISTRICT_IS_CHILDSTAR_GUILD_gkls621'),
('REQSET_PASPALE_CHILDSTAR_GUILD_YIELD_BONUS_gkls621', 'REQUIRES_PLAYER_IS_ALLY_LEVEL_1'),
('REQSET_PASPALE_CHILDSTAR_GUILD_YIELD_BONUS_gkls621', 'REQUIRES_PLAYER_IS_INDUSTRIAL_ERA'),
--('REQSET_PASPALE_CHILDSTAR_GUILD_YIELD_BONUS_gkls621', 'REQUIRES_PLAYER_HAS_GOLDEN_AGE'),
('REQSET_PASPALE_CHILDSTAR_GUILD_YIELD_BONUS_LEVEL2_gkls621', 'REQUIRES_PLAYER_IS_ALLY_LEVEL_2'),
('REQSET_PASPALE_CHILDSTAR_GUILD_YIELD_BONUS_LEVEL2_gkls621', 'REQUIRES_PLAYER_IS_INDUSTRIAL_ERA'),
('REQSET_PASPALE_CHILDSTAR_GUILD_YIELD_BONUS_LEVEL3_gkls621', 'REQUIRES_PLAYER_IS_ALLY_LEVEL_3'),
('REQSET_PASPALE_CHILDSTAR_GUILD_YIELD_BONUS_LEVEL3_gkls621', 'REQUIRES_PLAYER_IS_INDUSTRIAL_ERA');

INSERT INTO Requirements (RequirementId, RequirementType)
VALUES
('PASPALE_DISTRICT_IS_CHILDSTAR_GUILD_gkls621', 'REQUIREMENT_DISTRICT_TYPE_MATCHES');

INSERT INTO RequirementArguments (RequirementId, Name, Value)
VALUES
('PASPALE_DISTRICT_IS_CHILDSTAR_GUILD_gkls621', 'DistrictType', 'DISTRICT_CHILDSTAR_GUILD_gkls621');